,Size,EntryBar,ExitBar,EntryPrice,ExitPrice,SL,TP,PnL,ReturnPct,EntryTime,ExitTime,Duration,Tag,"Entry_RSI(C,14)","Exit_RSI(C,14)"
0,1,90,95,44.65937042236328,44.02693557739258,,,-0.6324348449707031,-0.01416130229758028,2019-05-13,2019-05-20,7 days,,27.441429021598452,33.86565436142489
1,1,91,96,45.36634063720703,44.8709716796875,,,-0.49536895751953125,-0.010919306044121502,2019-05-14,2019-05-21,7 days,,31.96541498399631,24.763708509334393
2,1,92,97,45.90978240966797,43.95240020751953,,,-1.9573822021484375,-0.04263540577653102,2019-05-15,2019-05-22,7 days,,36.283212230251586,23.503535106602286
3,1,93,98,45.70779800415039,43.202144622802734,,,-2.5056533813476562,-0.05481894754851535,2019-05-16,2019-05-23,7 days,,36.38342524347265,17.938251420680444
4,1,94,99,45.448089599609375,43.03621292114258,,,-2.411876678466797,-0.05306882422814818,2019-05-17,2019-05-24,7 days,,35.20727686703674,18.934922211915634
5,1,95,100,44.02693557739258,42.858272552490234,,,-1.1686630249023438,-0.026544273626494252,2019-05-20,2019-05-28,8 days,,33.86565436142489,21.159600653097314
6,1,96,101,44.8709716796875,42.65388488769531,,,-2.2170867919921875,-0.04941026924531333,2019-05-21,2019-05-29,8 days,,24.763708509334393,20.658540916965052
7,1,97,102,43.95240020751953,42.8751106262207,,,-1.0772895812988281,-0.024510369768486973,2019-05-22,2019-05-30,8 days,,23.503535106602286,23.53939350696791
8,1,98,103,43.202144622802734,42.09840393066406,,,-1.1037406921386719,-0.025548284738533544,2019-05-23,2019-05-31,8 days,,17.938251420680444,23.2776445036168
9,1,99,104,43.03621292114258,41.67277145385742,,,-1.3634414672851562,-0.03168126037910113,2019-05-24,2019-06-03,10 days,,18.934922211915634,30.39761161623015
10,1,100,105,42.858272552490234,43.19732666015625,,,0.3390541076660156,0.007911053980319993,2019-05-28,2019-06-04,7 days,,21.159600653097314,37.143584567435624
11,1,101,106,42.65388488769531,43.89468002319336,,,1.2407951354980469,0.029089850520415128,2019-05-29,2019-06-05,7 days,,20.658540916965052,38.2698893399613
12,1,102,107,42.8751106262207,44.53914260864258,,,1.664031982421875,0.0388111414318828,2019-05-30,2019-06-06,7 days,,23.53939350696791,43.53041647801378
13,1,103,108,42.09840393066406,45.72462844848633,,,3.6262245178222656,0.08613686456604497,2019-05-31,2019-06-07,7 days,,23.2776445036168,51.38856805081003
14,1,104,109,41.67277145385742,46.308963775634766,,,4.636192321777344,0.11125231560158677,2019-06-03,2019-06-10,7 days,,30.39761161623015,62.509912236970216
15,1,105,110,43.19732666015625,46.845191955566406,,,3.6478652954101562,0.0844465520773725,2019-06-04,2019-06-11,7 days,,37.143584567435624,61.20052253089866
16,1,106,111,43.89468002319336,46.69611740112305,,,2.8014373779296875,0.06382179745813032,2019-06-05,2019-06-12,7 days,,38.2698893399613,67.05533357836454
17,1,148,153,46.49171829223633,48.391807556152344,,,1.9000892639160156,0.040869413601202886,2019-08-05,2019-08-12,7 days,,36.752129670152534,40.87140511845494
18,1,288,293,69.91096496582031,70.2118911743164,,,0.30092620849609375,0.004304420753500127,2020-02-25,2020-03-03,7 days,,28.65966836602405,36.82010863706825
19,1,289,294,71.01998901367188,73.46866607666016,,,2.4486770629882812,0.03447870236246997,2020-02-26,2020-03-04,7 days,,30.609493081946965,39.870831068033965
20,1,290,295,66.3775634765625,71.08552551269531,,,4.7079620361328125,0.07092700891009907,2020-02-27,2020-03-05,7 days,,20.96250353178752,37.5419332994835
21,1,291,296,66.33873748779297,70.14151000976562,,,3.8027725219726562,0.05732355884331386,2020-02-28,2020-03-06,7 days,,22.030340210085868,36.39803475488603
22,1,292,297,72.5149154663086,64.59387969970703,,,-7.9210357666015625,-0.10923319313916569,2020-03-02,2020-03-09,7 days,,39.40946736863867,32.26585488014322
23,1,293,298,70.2118911743164,69.24602508544922,,,-0.9658660888671875,-0.013756445991024657,2020-03-03,2020-03-10,7 days,,36.82010863706825,38.293567661890044
24,1,294,299,73.46866607666016,66.8410873413086,,,-6.6275787353515625,-0.09020959667943451,2020-03-04,2020-03-11,7 days,,39.870831068033965,36.809910295061655
25,1,295,300,71.08552551269531,60.24020767211914,,,-10.845317840576172,-0.15256717541800102,2020-03-05,2020-03-12,7 days,,37.5419332994835,32.94568510607465
26,1,296,301,70.14151000976562,67.45748138427734,,,-2.6840286254882812,-0.038265908805136806,2020-03-06,2020-03-13,7 days,,36.39803475488603,45.06855929137499
27,1,297,302,64.59387969970703,58.77928924560547,,,-5.8145904541015625,-0.09001766856447135,2020-03-09,2020-03-16,7 days,,32.26585488014322,40.05291609126945
28,1,298,303,69.24602508544922,61.36381530761719,,,-7.882209777832031,-0.11382905759724726,2020-03-10,2020-03-17,7 days,,38.293567661890044,41.59308829364908
29,1,299,304,66.8410873413086,59.861637115478516,,,-6.979450225830078,-0.10441856204689082,2020-03-11,2020-03-18,7 days,,36.809910295061655,43.99893196362353
30,1,300,305,60.24020767211914,59.40296936035156,,,-0.8372383117675781,-0.013898330436119544,2020-03-12,2020-03-19,7 days,,32.94568510607465,43.6612837008283
31,1,306,311,55.63174819946289,60.121299743652344,,,4.489551544189453,0.08070124864838957,2020-03-20,2020-03-27,7 days,,33.86072651256015,45.578417748900776
32,1,307,312,54.44989013671875,61.83705139160156,,,7.3871612548828125,0.13566898365330626,2020-03-23,2020-03-30,7 days,,34.602441063237734,42.22404752871775
33,1,308,313,59.91259765625,61.71084976196289,,,1.7982521057128906,0.030014590855005352,2020-03-24,2020-03-31,7 days,,37.30452573161021,44.345170793913276
34,1,309,314,59.582550048828125,58.463802337646484,,,-1.1187477111816406,-0.018776432198098658,2020-03-25,2020-04-01,7 days,,38.79644641225286,47.88562081947506
35,1,315,320,59.43937683105469,65.03556823730469,,,5.59619140625,0.0941495638851686,2020-04-02,2020-04-09,7 days,,38.79089362564461,67.06595962883975
36,1,427,432,109.21106719970703,104.17953491210938,,,-5.031532287597656,-0.04607163373284162,2020-09-11,2020-09-18,7 days,,36.74026763929049,33.03431281503208
37,1,428,433,112.48739624023438,107.33887481689453,,,-5.148521423339844,-0.04576976261717691,2020-09-14,2020-09-21,7 days,,39.18174828025741,31.755212684515215
38,1,430,435,109.33783721923828,104.45259094238281,,,-4.885246276855469,-0.0446802900176253,2020-09-16,2020-09-23,7 days,,35.426058566474296,25.941365696240496
39,1,431,436,107.59241485595703,105.52517700195312,,,-2.0672378540039062,-0.019213602155611853,2020-09-17,2020-09-24,7 days,,35.22808762444829,34.57599581182416
40,1,432,437,104.17953491210938,109.48408508300781,,,5.3045501708984375,0.050917391552703695,2020-09-18,2020-09-25,7 days,,33.03431281503208,40.35985535433825
41,1,433,438,107.33887481689453,112.09733581542969,,,4.758460998535156,0.044331198800550586,2020-09-21,2020-09-28,7 days,,31.755212684515215,52.70473824635243
42,1,434,439,109.02578735351562,111.24900817871094,,,2.2232208251953125,0.020391697039403356,2020-09-22,2020-09-29,7 days,,26.961889984477253,45.50513975495112
43,1,435,440,104.45259094238281,112.92618560791016,,,8.473594665527344,0.08112383416320879,2020-09-23,2020-09-30,7 days,,25.941365696240496,53.429924688910575
44,1,436,441,105.52517700195312,113.88178253173828,,,8.356605529785156,0.0791906326736651,2020-09-24,2020-10-01,7 days,,34.57599581182416,57.19001994226374
45,1,462,467,106.14924621582031,115.93415832519531,,,9.784912109375,0.09218070272002254,2020-10-30,2020-11-06,7 days,,24.220276750353577,54.55075840272695
46,1,463,468,106.0615005493164,113.61915588378906,,,7.557655334472656,0.07125729218736154,2020-11-02,2020-11-09,7 days,,27.107322857042405,48.495035184798155
47,1,464,469,107.68991088867188,113.27730560302734,,,5.587394714355469,0.05188410565342205,2020-11-03,2020-11-10,7 days,,31.146944866927456,48.92584506472308
48,1,515,520,124.8619155883789,139.83596801757812,,,14.974052429199219,0.11992489750487922,2021-01-19,2021-01-26,7 days,,34.466988463250146,67.37204528753654
49,1,533,538,132.42442321777344,123.25831604003906,,,-9.166107177734375,-0.06921764848966427,2021-02-12,2021-02-22,10 days,,32.9667114261172,27.478085350767117
50,1,534,539,130.29185485839844,123.12137603759766,,,-7.170478820800781,-0.05503397605777949,2021-02-16,2021-02-23,7 days,,29.221394008290403,23.6126253250534
51,1,535,540,127.99302673339844,122.62245178222656,,,-5.370574951171875,-0.041959902724688636,2021-02-17,2021-02-24,7 days,,27.74243684836985,24.388779482569475
52,1,536,541,126.88760375976562,118.35733032226562,,,-8.5302734375,-0.06722700393688763,2021-02-18,2021-02-25,7 days,,32.83066360018721,3.1801984698538774
53,1,538,543,123.25831604003906,125.00936889648438,,,1.7510528564453125,0.01420636686190413,2021-02-22,2021-03-01,7 days,,27.478085350767117,30.612144066043086
54,1,539,544,123.12137603759766,122.39747619628906,,,-0.7238998413085938,-0.005879562628406054,2021-02-23,2021-03-02,7 days,,23.6126253250534,28.469717855964376
55,1,540,545,122.62245178222656,119.40403747558594,,,-3.218414306640625,-0.02624653364749563,2021-02-24,2021-03-03,7 days,,24.388779482569475,25.964552180037003
56,1,541,546,118.35733032226562,117.51604461669922,,,-0.8412857055664062,-0.007108015222003883,2021-02-25,2021-03-04,7 days,,3.1801984698538774,24.48970875630461
57,1,542,547,118.6214599609375,118.77796936035156,,,0.1565093994140625,0.0013194020665872053,2021-02-26,2021-03-05,7 days,,4.784246382113594,27.09359126459674
58,1,543,548,125.00936889648438,113.82807922363281,,,-11.181289672851562,-0.08944361347916552,2021-03-01,2021-03-08,7 days,,30.612144066043086,24.752478491040733
59,1,544,549,122.39747619628906,118.45516204833984,,,-3.9423141479492188,-0.032209113050884475,2021-03-02,2021-03-09,7 days,,28.469717855964376,36.348342348555946
60,1,545,550,119.40403747558594,117.36932373046875,,,-2.0347137451171875,-0.01704057742212628,2021-03-03,2021-03-10,7 days,,25.964552180037003,36.36873193085047
61,1,546,551,117.51604461669922,119.30622100830078,,,1.7901763916015625,0.015233463629928723,2021-03-04,2021-03-11,7 days,,24.48970875630461,39.45611710754154
62,1,547,552,118.77796936035156,118.39645385742188,,,-0.3815155029296875,-0.003212005601579526,2021-03-05,2021-03-12,7 days,,27.09359126459674,42.81167090800801
63,1,548,553,113.82807922363281,121.29205322265625,,,7.4639739990234375,0.06557234427508263,2021-03-08,2021-03-15,7 days,,24.752478491040733,47.4993132244908
64,1,549,554,118.45516204833984,122.83769226074219,,,4.382530212402344,0.03699737636266032,2021-03-09,2021-03-16,7 days,,36.348342348555946,50.28604812730338
65,1,550,555,117.36932373046875,122.04529571533203,,,4.675971984863281,0.039839813643310684,2021-03-10,2021-03-17,7 days,,36.36873193085047,55.399593535621264
66,1,551,556,119.30622100830078,117.9073257446289,,,-1.398895263671875,-0.011725249964748663,2021-03-11,2021-03-18,7 days,,39.45611710754154,49.06094869633559
67,1,557,562,117.37909698486328,118.57256317138672,,,1.1934661865234375,0.010167621128294613,2021-03-19,2021-03-26,7 days,,38.13869630323305,59.08582065019673
68,1,588,593,125.06807708740234,123.37950134277344,,,-1.6885757446289062,-0.013501252949214781,2021-05-04,2021-05-11,7 days,,38.98834606687462,31.79493240485941
69,1,589,594,125.31263732910156,120.3026123046875,,,-5.0100250244140625,-0.03998020575735317,2021-05-05,2021-05-12,7 days,,30.90670411754961,29.48730399364183
70,1,590,595,126.91694641113281,122.45838928222656,,,-4.45855712890625,-0.03512972266495651,2021-05-06,2021-05-13,7 days,,37.76283298656005,28.913700299690234
71,1,591,596,127.59306335449219,124.88853454589844,,,-2.70452880859375,-0.021196519132703595,2021-05-07,2021-05-14,7 days,,37.801350672487814,35.15145286257862
72,1,592,597,124.30060577392578,123.73226165771484,,,-0.5683441162109375,-0.004572335852044196,2021-05-10,2021-05-17,7 days,,34.66379346167774,33.93426196629571
73,1,593,598,123.37950134277344,122.34078979492188,,,-1.0387115478515625,-0.008418834057091984,2021-05-11,2021-05-18,7 days,,31.79493240485941,33.110076704193986
74,1,594,599,120.3026123046875,122.18401336669922,,,1.8814010620117188,0.01563890447571281,2021-05-12,2021-05-19,7 days,,29.48730399364183,33.031115461029856
75,1,595,600,122.45838928222656,124.75135040283203,,,2.2929611206054688,0.018724410259234547,2021-05-13,2021-05-20,7 days,,28.913700299690234,42.400214077203394
76,1,596,601,124.88853454589844,122.90914154052734,,,-1.9793930053710938,-0.01584927721802709,2021-05-14,2021-05-21,7 days,,35.15145286257862,37.07665566635111
77,1,597,602,123.73226165771484,124.54559326171875,,,0.8133316040039062,0.006573318818448914,2021-05-17,2021-05-24,7 days,,33.93426196629571,48.87161676986109
78,1,598,603,122.34078979492188,124.34960174560547,,,2.0088119506835938,0.016419805316370217,2021-05-18,2021-05-25,7 days,,33.110076704193986,47.915806006016126
79,1,599,604,122.18401336669922,124.30060577392578,,,2.1165924072265625,0.017322989717764692,2021-05-19,2021-05-26,7 days,,33.031115461029856,43.92903967972683
80,1,601,606,122.90914154052734,122.10562896728516,,,-0.8035125732421875,-0.006537451675042716,2021-05-21,2021-05-28,7 days,,37.07665566635111,44.44995312264889
81,1,605,610,122.76216125488281,123.35989379882812,,,0.5977325439453125,0.00486902916855847,2021-05-27,2021-06-04,8 days,,39.22170407092613,45.243934629203416
82,1,684,689,140.277099609375,142.66180419921875,,,2.38470458984375,0.016999956489579304,2021-09-20,2021-09-27,7 days,,27.75345305040689,24.573238664343023
83,1,685,690,140.7579345703125,139.2662811279297,,,-1.4916534423828125,-0.010597295612047253,2021-09-21,2021-09-28,7 days,,30.978077167918244,22.65947600396504
84,1,686,691,143.1329345703125,140.1691436767578,,,-2.9637908935546875,-0.020706561368646792,2021-09-22,2021-09-29,7 days,,36.0203213079998,26.602841699841406
85,1,687,692,144.09461975097656,138.86392211914062,,,-5.2306976318359375,-0.036300436760759,2021-09-23,2021-09-30,7 days,,35.58738272093349,31.555589339832196
86,1,688,693,144.18295288085938,139.99244689941406,,,-4.1905059814453125,-0.02906381023357174,2021-09-24,2021-10-01,7 days,,34.02596930557584,33.429297749578424
87,1,689,694,142.66180419921875,136.54786682128906,,,-6.1139373779296875,-0.04285616190155517,2021-09-27,2021-10-04,7 days,,24.573238664343023,30.392948998242815
88,1,690,695,139.2662811279297,138.48117065429688,,,-0.7851104736328125,-0.0056374771213399955,2021-09-28,2021-10-05,7 days,,22.65947600396504,33.47235696648572
89,1,691,696,140.1691436767578,139.3546142578125,,,-0.8145294189453125,-0.005811046551184584,2021-09-29,2021-10-06,7 days,,26.602841699841406,36.204734289322744
90,1,692,697,138.86392211914062,140.62054443359375,,,1.756622314453125,0.012649954629295301,2021-09-30,2021-10-07,7 days,,31.555589339832196,44.02234636871509
91,1,693,698,139.99244689941406,140.2378387451172,,,0.245391845703125,0.0017528934677415453,2021-10-01,2021-10-08,7 days,,33.429297749578424,49.902137011227055
92,1,694,699,136.54786682128906,140.14950561523438,,,3.6016387939453125,0.02637638271317022,2021-10-04,2021-10-11,7 days,,30.392948998242815,48.45314112361992
93,1,695,700,138.48117065429688,138.8737335205078,,,0.3925628662109375,0.002834774318819955,2021-10-05,2021-10-12,7 days,,33.47235696648572,38.53041219364069
94,1,696,701,139.3546142578125,138.28492736816406,,,-1.0696868896484375,-0.007676006247410383,2021-10-06,2021-10-13,7 days,,36.204734289322744,34.03447182726515
95,1,700,705,138.8737335205078,145.98866271972656,,,7.11492919921875,0.05123308071909838,2021-10-12,2021-10-19,7 days,,38.53041219364069,64.55581609784991
96,1,701,706,138.28492736816406,146.4793243408203,,,8.19439697265625,0.059257340106487755,2021-10-13,2021-10-20,7 days,,34.03447182726515,69.85680808145109
97,1,766,771,170.0936737060547,158.84059143066406,,,-11.253082275390625,-0.06615814703865763,2022-01-14,2022-01-24,10 days,,35.560911954754275,15.097675175096697
98,1,767,772,166.87989807128906,157.03221130371094,,,-9.847686767578125,-0.05901062309716487,2022-01-18,2022-01-25,7 days,,32.66359479419154,15.344556454771421
99,1,768,773,163.37127685546875,156.9437713623047,,,-6.4275054931640625,-0.039342934797836904,2022-01-19,2022-01-26,7 days,,28.68723012350152,18.336905438206884
100,1,769,774,161.6808624267578,156.48184204101562,,,-5.1990203857421875,-0.03215606539764326,2022-01-20,2022-01-27,7 days,,28.1937243081787,20.416809225753212
101,1,770,775,159.61700439453125,167.40077209472656,,,7.7837677001953125,0.04876527867266511,2022-01-21,2022-01-28,7 days,,26.93248840882579,47.1727227096363
102,1,771,776,158.84059143066406,171.77426147460938,,,12.933670043945312,0.08142547145822632,2022-01-24,2022-01-31,7 days,,15.097675175096697,53.50283617622887
103,1,772,777,157.03221130371094,171.60719299316406,,,14.574981689453125,0.092815235603249,2022-01-25,2022-02-01,7 days,,15.344556454771421,49.31389610277755
104,1,773,778,156.9437713623047,172.81602478027344,,,15.87225341796875,0.10113337585935578,2022-01-26,2022-02-02,7 days,,18.336905438206884,50.44248297503152
105,1,774,779,156.48184204101562,169.92657470703125,,,13.444732666015625,0.08591880368133453,2022-01-27,2022-02-03,7 days,,20.416809225753212,51.02509187471951
106,1,790,795,164.63238525390625,162.4871063232422,,,-2.1452789306640625,-0.013030722523733607,2022-02-18,2022-02-28,10 days,,36.685468115102644,40.43294489540666
107,1,791,796,161.69992065429688,160.59776306152344,,,-1.1021575927734375,-0.006816067616568389,2022-02-22,2022-03-01,7 days,,33.25639963711363,32.34128273442069
108,1,792,797,157.51766967773438,163.90419006347656,,,6.3865203857421875,0.040544787126475246,2022-02-23,2022-03-02,7 days,,26.50648032937086,36.05051669862977
109,1,793,798,160.14508056640625,163.5794219970703,,,3.4343414306640625,0.02144518844111465,2022-02-24,2022-03-03,7 days,,34.85678864892242,40.503044710085
110,1,794,799,162.22145080566406,160.5682373046875,,,-1.6532135009765625,-0.01019109059107759,2022-02-25,2022-03-04,7 days,,39.11664764967432,41.059167923356696
111,1,796,801,160.59776306152344,154.9296112060547,,,-5.66815185546875,-0.0352940897022167,2022-03-01,2022-03-08,7 days,,32.34128273442069,26.142326249475815
112,1,797,802,163.90419006347656,160.3517303466797,,,-3.552459716796875,-0.021674001838641765,2022-03-02,2022-03-09,7 days,,36.05051669862977,37.17942611771946
113,1,800,805,156.75991821289062,148.2183380126953,,,-8.541580200195312,-0.05448829201732086,2022-03-07,2022-03-14,7 days,,36.00229101822075,33.509795438587716
114,1,801,806,154.9296112060547,152.61709594726562,,,-2.3125152587890625,-0.014926231601481543,2022-03-08,2022-03-15,7 days,,26.142326249475815,44.03736901906324
115,1,802,807,160.3517303466797,157.0452880859375,,,-3.3064422607421875,-0.02061993502404791,2022-03-09,2022-03-16,7 days,,37.17942611771946,46.386753349867455
116,1,803,808,155.99240112304688,158.0588836669922,,,2.0664825439453125,0.013247328261299485,2022-03-10,2022-03-17,7 days,,36.439775656807036,45.02466892284751
117,1,804,809,152.26278686523438,161.36529541015625,,,9.102508544921875,0.059781570614350965,2022-03-11,2022-03-18,7 days,,34.44684652327868,48.75001062641437
118,1,805,810,148.2183380126953,162.74301147460938,,,14.524673461914062,0.09799511758571988,2022-03-14,2022-03-21,7 days,,33.509795438587716,52.41793375538094
119,1,828,833,162.6544189453125,159.21022033691406,,,-3.4441986083984375,-0.021174946433865083,2022-04-14,2022-04-22,8 days,,36.93543162021168,32.29638257080762
120,1,829,834,162.4379425048828,160.28285217285156,,,-2.15509033203125,-0.013267160977284975,2022-04-18,2022-04-25,7 days,,35.139783703870975,25.928179048624273
121,1,830,835,164.7307586669922,154.29981994628906,,,-10.430938720703125,-0.06332113568292097,2022-04-19,2022-04-26,7 days,,33.1976557069796,23.929187521474702
122,1,831,836,164.5634765625,154.07347106933594,,,-10.490005493164062,-0.06374443292208909,2022-04-20,2022-04-27,7 days,,34.212084936542865,26.17115068820857
123,1,832,837,163.7664031982422,161.03074645996094,,,-2.73565673828125,-0.01670462735247158,2022-04-21,2022-04-28,7 days,,36.803072619417044,39.04073520656292
124,1,833,838,159.21022033691406,155.13623046875,,,-4.0739898681640625,-0.025588745870352092,2022-04-22,2022-04-29,7 days,,32.29638257080762,35.44005702977657
125,1,834,839,160.28285217285156,155.44131469726562,,,-4.8415374755859375,-0.03020620989676892,2022-04-25,2022-05-02,7 days,,25.928179048624273,39.932797815929014
126,1,835,840,154.29981994628906,156.9370574951172,,,2.637237548828125,0.01709164372159422,2022-04-26,2022-05-03,7 days,,23.929187521474702,39.321159543742
127,1,836,841,154.07347106933594,163.37278747558594,,,9.29931640625,0.06035637635544111,2022-04-27,2022-05-04,7 days,,26.17115068820857,44.798112167927776
128,1,837,842,161.03074645996094,154.27027893066406,,,-6.760467529296875,-0.04198246408165174,2022-04-28,2022-05-05,7 days,,39.04073520656292,40.78720618095179
129,1,838,843,155.13623046875,154.99951171875,,,-0.13671875,-0.0008812818874539552,2022-04-29,2022-05-06,7 days,,35.44005702977657,41.91746507988774
130,1,839,844,155.44131469726562,149.855224609375,,,-5.586090087890625,-0.035936971446555166,2022-05-02,2022-05-09,7 days,,39.932797815929014,34.779548627450126
131,1,840,845,156.9370574951172,152.2697296142578,,,-4.667327880859375,-0.029740126107593134,2022-05-03,2022-05-10,7 days,,39.321159543742,37.974223666546564
132,1,844,849,149.855224609375,143.4297637939453,,,-6.4254608154296875,-0.04287778976127676,2022-05-09,2022-05-16,7 days,,34.779548627450126,40.382740936383364
133,1,845,850,152.2697296142578,147.0761260986328,,,-5.193603515625,-0.034107918420699046,2022-05-10,2022-05-17,7 days,,37.974223666546564,44.16238860142146
134,1,846,851,144.3758544921875,138.77821350097656,,,-5.5976409912109375,-0.0387713098627156,2022-05-11,2022-05-18,7 days,,33.344587412609414,31.841760034744084
135,1,847,852,140.49298095703125,135.35850524902344,,,-5.1344757080078125,-0.03654613684635355,2022-05-12,2022-05-19,7 days,,33.73478798988117,33.18195418713421
136,1,848,853,144.97702026367188,135.59503173828125,,,-9.381988525390625,-0.06471362501676103,2022-05-13,2022-05-20,7 days,,37.443748768575276,33.10395571174179
137,1,851,856,138.77821350097656,138.48255920410156,,,-0.295654296875,-0.0021304085808319106,2022-05-18,2022-05-25,7 days,,31.841760034744084,34.21365810967427
138,1,852,857,135.35850524902344,141.69528198242188,,,6.3367767333984375,0.046814765882206455,2022-05-19,2022-05-26,7 days,,33.18195418713421,37.32637294016822
139,1,853,858,135.59503173828125,147.47030639648438,,,11.875274658203125,0.08757898063053071,2022-05-20,2022-05-27,7 days,,33.10395571174179,47.75510028208826
140,1,854,859,141.03500366210938,146.68191528320312,,,5.64691162109375,0.04003907877098789,2022-05-23,2022-05-31,8 days,,37.313835452853404,44.57414499034111
141,1,855,860,138.3248748779297,146.55380249023438,,,8.228927612304688,0.059489861238382735,2022-05-24,2022-06-01,8 days,,28.754658589276403,52.490408888101015
142,1,856,861,138.48255920410156,149.01754760742188,,,10.534988403320312,0.07607447799829714,2022-05-25,2022-06-02,8 days,,34.21365810967427,60.074513014531114
143,1,857,862,141.69528198242188,143.27207946777344,,,1.5767974853515625,0.011128087423173172,2022-05-26,2022-06-03,8 days,,37.32637294016822,48.04340220198022
144,1,868,873,129.9678497314453,133.89999389648438,,,3.9321441650390625,0.030254745101685687,2022-06-13,2022-06-21,8 days,,36.45356483956195,35.04037802835212
145,1,871,876,128.17420959472656,139.60601806640625,,,11.431808471679688,0.08918961550709681,2022-06-16,2022-06-24,8 days,,34.47960107682634,45.54170561922601
146,1,872,877,129.6524658203125,139.60601806640625,,,9.95355224609375,0.0767710215391395,2022-06-17,2022-06-27,10 days,,27.309206200166955,44.53125236256309
147,1,873,878,133.89999389648438,135.4471893310547,,,1.5471954345703125,0.01155485814111712,2022-06-21,2022-06-28,7 days,,35.04037802835212,36.77537673523864
148,1,874,879,133.38751220703125,137.2112579345703,,,3.8237457275390625,0.0286664445889373,2022-06-22,2022-06-29,7 days,,34.72792727736126,39.99999999999999
149,1,875,880,136.2651824951172,134.73765563964844,,,-1.52752685546875,-0.011209957140177695,2022-06-23,2022-06-30,7 days,,35.34874392861137,42.7522023108151
150,1,878,883,135.4471893310547,140.84776306152344,,,5.40057373046875,0.03987217274231414,2022-06-28,2022-07-06,8 days,,36.77537673523864,64.35028720562681
151,1,879,884,137.2112579345703,144.22801208496094,,,7.016754150390625,0.05113832681088448,2022-06-29,2022-07-07,8 days,,39.99999999999999,65.09954290974876
152,1,922,927,156.82345581054688,153.9121856689453,,,-2.9112701416015625,-0.01856399686229704,2022-08-30,2022-09-07,8 days,,31.794107388110135,17.4204069156806
153,1,923,928,155.1556396484375,152.43186950683594,,,-2.7237701416015625,-0.01755508306222886,2022-08-31,2022-09-08,8 days,,30.774420827627253,16.773684850451986
154,1,924,929,155.8859405517578,155.3036651611328,,,-0.582275390625,-0.0037352655958839964,2022-09-01,2022-09-09,8 days,,23.26020938948632,26.345807494835753
155,1,925,930,153.76414489746094,161.28411865234375,,,7.5199737548828125,0.04890589909564147,2022-09-02,2022-09-12,10 days,,18.40003643360032,43.53533695169297
156,1,926,931,152.5009307861328,151.81997680664062,,,-0.6809539794921875,-0.0044652447429790465,2022-09-06,2022-09-13,7 days,,17.679966029467067,33.77760360801162
157,1,927,932,153.9121856689453,153.27073669433594,,,-0.641448974609375,-0.004167629559813313,2022-09-07,2022-09-14,7 days,,17.4204069156806,35.603321863347475
158,1,928,933,152.43186950683594,150.36932373046875,,,-2.0625457763671875,-0.013530935381427467,2022-09-08,2022-09-15,7 days,,16.773684850451986,29.407785589962586
159,1,929,934,155.3036651611328,148.72125244140625,,,-6.5824127197265625,-0.04238414278824065,2022-09-09,2022-09-16,7 days,,26.345807494835753,33.06253068319698
160,1,931,936,151.81997680664062,154.83984375,,,3.019866943359375,0.01989110396983862,2022-09-13,2022-09-20,7 days,,33.77760360801162,47.46405535779218
161,1,932,937,153.27073669433594,151.7015838623047,,,-1.56915283203125,-0.01023778488884397,2022-09-14,2022-09-21,7 days,,35.603321863347475,45.74417883228833
162,1,933,938,150.36932373046875,150.73448181152344,,,0.3651580810546875,0.002428408082151279,2022-09-15,2022-09-22,7 days,,29.407785589962586,43.68959332245231
163,1,934,939,148.72125244140625,148.4547882080078,,,-0.2664642333984375,-0.0017917024569398254,2022-09-16,2022-09-23,7 days,,33.06253068319698,43.521234911605305
164,1,943,948,140.6091766357422,143.52041625976562,,,2.9112396240234375,0.02070447814060672,2022-09-29,2022-10-06,7 days,,33.45930136692664,42.82599196643787
165,1,944,949,136.3853759765625,138.2505340576172,,,1.8651580810546875,0.013675645703944195,2022-09-30,2022-10-07,7 days,,20.81896126229107,31.209212943314753
166,1,945,950,140.57957458496094,138.57620239257812,,,-2.0033721923828125,-0.01425080562590586,2022-10-03,2022-10-10,7 days,,34.96974774347588,27.23755966882733
167,1,946,951,144.181640625,137.15513610839844,,,-7.0265045166015625,-0.04873369789761717,2022-10-04,2022-10-11,7 days,,38.50758754706162,28.612906612680476
168,1,949,954,138.2505340576172,136.56300354003906,,,-1.687530517578125,-0.012206321871240156,2022-10-07,2022-10-14,7 days,,31.209212943314753,34.79006404902833
169,1,950,955,138.57620239257812,140.5401153564453,,,1.9639129638671875,0.014172079548720351,2022-10-10,2022-10-17,7 days,,27.23755966882733,39.31918609518635
170,1,951,956,137.15513610839844,141.8625030517578,,,4.707366943359375,0.03432147768523208,2022-10-11,2022-10-18,7 days,,28.612906612680476,42.949751085978264
171,1,952,957,136.5235595703125,141.97103881835938,,,5.447479248046875,0.03990138599661486,2022-10-12,2022-10-19,7 days,,28.898020554404283,51.91984288655093
172,1,953,958,141.11248779296875,141.5072021484375,,,0.39471435546875,0.0027971610567014693,2022-10-13,2022-10-20,7 days,,39.79704563101896,58.07652662002616
173,1,954,959,136.56300354003906,145.3363037109375,,,8.773300170898438,0.06424360876279489,2022-10-14,2022-10-21,7 days,,34.79006404902833,57.58818360397158
174,1,955,960,140.5401153564453,147.4876708984375,,,6.9475555419921875,0.049434679375147894,2022-10-17,2022-10-24,7 days,,39.31918609518635,55.52990216546828
175,1,990,995,141.2675018310547,143.7980499267578,,,2.530548095703125,0.017913165185928337,2022-12-06,2022-12-13,7 days,,39.04091518204561,42.356381067947794
176,1,991,996,139.32012939453125,141.56402587890625,,,2.243896484375,0.01610604651407299,2022-12-07,2022-12-14,7 days,,38.195493189738855,37.78741407677807
177,1,992,997,141.01046752929688,134.93115234375,,,-6.079315185546875,-0.04311250995805549,2022-12-08,2022-12-15,7 days,,37.783814754441586,33.843577454284244
178,1,993,998,140.52610778808594,132.96401977539062,,,-7.5620880126953125,-0.05381269097767216,2022-12-09,2022-12-16,7 days,,36.145672734802375,35.733165438679976
179,1,996,1001,141.56402587890625,133.8932342529297,,,-7.6707916259765625,-0.054186023450181864,2022-12-14,2022-12-21,7 days,,37.78741407677807,27.97942964199585
180,1,997,1002,134.93115234375,130.71023559570312,,,-4.220916748046875,-0.031282003264106795,2022-12-15,2022-12-22,7 days,,33.843577454284244,25.595203553038303
181,1,998,1003,132.96401977539062,130.344482421875,,,-2.619537353515625,-0.01970109927438024,2022-12-16,2022-12-23,7 days,,35.733165438679976,26.261616858275573
182,1,999,1004,130.84861755371094,128.5355224609375,,,-2.3130950927734375,-0.01767764257672766,2022-12-19,2022-12-27,8 days,,36.714976295719055,27.96025887622025
183,1,1000,1005,130.77943420410156,124.59138488769531,,,-6.18804931640625,-0.047316685181164164,2022-12-20,2022-12-28,8 days,,20.129117889839407,26.152343277114312
184,1,1001,1006,133.8932342529297,128.12034606933594,,,-5.77288818359375,-0.04311560786326618,2022-12-21,2022-12-29,8 days,,27.97942964199585,30.302097600763318
185,1,1002,1007,130.71023559570312,128.43667602539062,,,-2.2735595703125,-0.01739389084528009,2022-12-22,2022-12-30,8 days,,25.595203553038303,31.430299138187635
186,1,1003,1008,130.344482421875,123.63253021240234,,,-6.711952209472656,-0.05149394960769149,2022-12-23,2023-01-03,11 days,,26.261616858275573,22.616979102117824
187,1,1004,1009,128.5355224609375,124.9076919555664,,,-3.6278305053710938,-0.028224341691018617,2022-12-27,2023-01-04,8 days,,27.96025887622025,23.287662661177762
188,1,1005,1010,124.59138488769531,123.58309936523438,,,-1.0082855224609375,-0.008092738702357272,2022-12-28,2023-01-05,8 days,,26.152343277114312,23.90243427096334
189,1,1006,1011,128.12034606933594,128.13021850585938,,,0.0098724365234375,7.705596204132803e-05,2022-12-29,2023-01-06,8 days,,30.302097600763318,39.49295280591197
190,1,1007,1012,128.43667602539062,128.6541290283203,,,0.2174530029296875,0.0016930756047182083,2022-12-30,2023-01-09,10 days,,31.430299138187635,43.03068047175216
191,1,1008,1013,123.63253021240234,129.22747802734375,,,5.594947814941406,0.04525465753494817,2023-01-03,2023-01-10,7 days,,22.616979102117824,47.240933173985105
192,1,1009,1014,124.9076919555664,131.9557647705078,,,7.048072814941406,0.05642625129482526,2023-01-04,2023-01-11,7 days,,23.287662661177762,51.83586475583561
193,1,1010,1015,123.58309936523438,131.87667846679688,,,8.2935791015625,0.06710933084022974,2023-01-05,2023-01-12,7 days,,23.90243427096334,46.523514423691566
194,1,1011,1016,128.13021850585938,133.21115112304688,,,5.0809326171875,0.039654444333560246,2023-01-06,2023-01-13,7 days,,39.49295280591197,54.60501398643052
195,1,1044,1049,145.24525451660156,149.52210998535156,,,4.27685546875,0.029445750107182755,2023-02-24,2023-03-03,7 days,,35.41926463588767,50.03904304239749
196,1,1046,1051,145.93826293945312,150.08641052246094,,,4.1481475830078125,0.02842398901738874,2023-02-28,2023-03-07,7 days,,34.0408406366723,47.05448400198163
197,1,1047,1052,143.85922241210938,151.34375,,,7.484527587890625,0.052026748528154254,2023-03-01,2023-03-08,7 days,,35.040182999655855,45.32319418374122
198,1,1048,1053,144.4532470703125,149.0865020751953,,,4.6332550048828125,0.03207442614721967,2023-03-02,2023-03-09,7 days,,38.66799696620808,44.2136736012257
199,1,1155,1160,180.42222595214844,176.49639892578125,,,-3.9258270263671875,-0.021759109808391353,2023-08-04,2023-08-11,7 days,,27.203718247329178,22.434709424151677
200,1,1156,1161,177.3092803955078,178.15426635742188,,,0.8449859619140625,0.0047656048235560355,2023-08-07,2023-08-14,7 days,,24.520641018275114,24.697375858344472
201,1,1157,1162,178.25108337402344,176.1588592529297,,,-2.09222412109375,-0.011737511388380417,2023-08-08,2023-08-15,7 days,,23.41905545759913,20.64720379045025
202,1,1158,1163,176.65496826171875,175.28529357910156,,,-1.3696746826171875,-0.007753388971138198,2023-08-09,2023-08-16,7 days,,23.715711276915272,20.93884501502275
203,1,1159,1164,176.43682861328125,172.73399353027344,,,-3.7028350830078125,-0.02098674699670433,2023-08-10,2023-08-17,7 days,,24.553734633870647,11.710639784300668
204,1,1160,1165,176.49639892578125,173.22042846679688,,,-3.275970458984375,-0.01856111784106118,2023-08-11,2023-08-18,7 days,,22.434709424151677,11.303751833422425
205,1,1161,1166,178.15426635742188,174.5605926513672,,,-3.5936737060546875,-0.02017169602239488,2023-08-14,2023-08-21,7 days,,24.697375858344472,15.830912346360435
206,1,1162,1167,176.1588592529297,175.9404754638672,,,-0.2183837890625,-0.001239698020233826,2023-08-15,2023-08-22,7 days,,20.64720379045025,21.959162456193468
207,1,1163,1168,175.28529357910156,179.8021697998047,,,4.516876220703125,0.025768711843842107,2023-08-16,2023-08-23,7 days,,20.93884501502275,33.340707559627944
208,1,1164,1169,172.73399353027344,175.09666442871094,,,2.3626708984375,0.013678088777721698,2023-08-17,2023-08-24,7 days,,11.710639784300668,39.25448643110133
209,1,1165,1170,173.22042846679688,177.31045532226562,,,4.09002685546875,0.02361168882717979,2023-08-18,2023-08-25,7 days,,11.303751833422425,50.00245993657836
210,1,1166,1171,174.5605926513672,178.87896728515625,,,4.3183746337890625,0.024738542463669022,2023-08-21,2023-08-28,7 days,,15.830912346360435,51.2809800809761
211,1,1167,1172,175.9404754638672,182.78038024902344,,,6.83990478515625,0.03887624361093045,2023-08-22,2023-08-29,7 days,,21.959162456193468,61.42236117805663
212,1,1168,1173,179.8021697998047,186.28466796875,,,6.4824981689453125,0.036053503559846156,2023-08-23,2023-08-30,7 days,,33.340707559627944,66.35886553441813
213,1,1169,1174,175.09666442871094,186.50306701660156,,,11.406402587890625,0.06514346018587136,2023-08-24,2023-08-31,7 days,,39.25448643110133,66.53545153486908
214,1,1187,1192,174.213134765625,169.18995666503906,,,-5.0231781005859375,-0.02883352111965487,2023-09-20,2023-09-27,7 days,,30.412352755917993,36.3983056562767
215,1,1188,1193,172.66448974609375,169.4480743408203,,,-3.2164154052734375,-0.01862812330435304,2023-09-21,2023-09-28,7 days,,28.474353405819286,35.51264609486117
216,1,1189,1194,173.51821899414062,169.96429443359375,,,-3.553924560546875,-0.020481564305745215,2023-09-22,2023-09-29,7 days,,26.824565833948483,33.82302780311744
217,1,1190,1195,174.79885864257812,172.48582458496094,,,-2.3130340576171875,-0.013232546685826962,2023-09-25,2023-10-02,7 days,,29.174334350990748,44.83182722166009
218,1,1191,1196,170.70883178710938,171.1456298828125,,,0.436798095703125,0.0025587316785569136,2023-09-26,2023-10-03,7 days,,31.768240000655155,46.21815652272215
219,1,1192,1197,169.18995666503906,172.39646911621094,,,3.206512451171875,0.018952144172009522,2023-09-27,2023-10-04,7 days,,36.3983056562767,45.60438275430616
220,1,1193,1198,169.4480743408203,173.63735961914062,,,4.1892852783203125,0.024723121195783904,2023-09-28,2023-10-05,7 days,,35.51264609486117,49.79318367463695
221,1,1194,1199,169.96429443359375,176.1986083984375,,,6.23431396484375,0.03668013911756951,2023-09-29,2023-10-06,7 days,,33.82302780311744,48.991646296374036
222,1,1212,1217,169.8551025390625,172.70420837402344,,,2.8491058349609375,0.01677374298664769,2023-10-25,2023-11-01,7 days,,39.25557000433463,34.69570382821176
223,1,1213,1218,165.6757354736328,176.27801513671875,,,10.602279663085938,0.06399416083940235,2023-10-26,2023-11-02,7 days,,22.623963415360322,47.30638554435102
224,1,1214,1219,166.9960479736328,175.3647003173828,,,8.36865234375,0.05011287659377017,2023-10-27,2023-11-03,7 days,,21.938509473481858,45.78406488346496
225,1,1215,1220,169.0509796142578,177.92593383789062,,,8.874954223632812,0.052498685567417436,2023-10-30,2023-11-06,7 days,,30.396891351299487,54.068891280947255
226,1,1216,1221,169.52749633789062,180.49708557128906,,,10.969589233398438,0.06470684384752912,2023-10-31,2023-11-07,7 days,,27.116053399147404,61.14010764030865
227,1,1217,1222,172.70420837402344,181.55931091308594,,,8.8551025390625,0.05127322965914716,2023-11-01,2023-11-08,7 days,,34.69570382821176,63.494316278446526
228,1,1258,1263,184.53207397460938,184.03506469726562,,,-0.49700927734375,-0.002693349002364398,2024-01-02,2024-01-09,7 days,,31.66338156460452,26.290258363149334
229,1,1259,1264,183.15037536621094,185.07882690429688,,,1.9284515380859375,0.010529334347417985,2024-01-03,2024-01-10,7 days,,24.38786402658127,26.290358184174565
230,1,1260,1265,180.82435607910156,184.4823760986328,,,3.65802001953125,0.020229686414207748,2024-01-04,2024-01-11,7 days,,8.867201268946076,28.16642497375716
231,1,1261,1266,180.09869384765625,184.81040954589844,,,4.7117156982421875,0.026161853801270674,2024-01-05,2024-01-12,7 days,,7.864607927186142,29.47522583114059
232,1,1262,1267,184.4525604248047,182.53408813476562,,,-1.9184722900390625,-0.010400898125895952,2024-01-08,2024-01-16,8 days,,24.90597651321204,27.893640875602344
233,1,1263,1268,184.03506469726562,181.58973693847656,,,-2.4453277587890625,-0.013287292629866942,2024-01-09,2024-01-17,8 days,,26.290258363149334,27.407459925274992
234,1,1264,1269,185.07882690429688,187.50424194335938,,,2.4254150390625,0.013104767734002598,2024-01-10,2024-01-18,8 days,,26.290358184174565,42.15280935048377
235,1,1265,1270,184.4823760986328,190.416748046875,,,5.9343719482421875,0.032167690343870126,2024-01-11,2024-01-19,8 days,,28.16642497375716,46.773141504687004
236,1,1266,1271,184.81040954589844,192.73284912109375,,,7.9224395751953125,0.04286792932639294,2024-01-12,2024-01-22,10 days,,29.47522583114059,52.087137938248084
237,1,1267,1272,182.53408813476562,194.01515197753906,,,11.481063842773438,0.06289819047002831,2024-01-16,2024-01-23,7 days,,27.893640875602344,67.67972508200032
238,1,1268,1273,181.58973693847656,193.33921813964844,,,11.749481201171875,0.06470344304288878,2024-01-17,2024-01-24,7 days,,27.407459925274992,69.50890577212769
239,1,1285,1290,187.9624786376953,181.4532012939453,,,-6.50927734375,-0.03463072731817329,2024-02-09,2024-02-16,7 days,,38.55249985536423,29.825106653794506
240,1,1286,1291,186.2704620361328,180.70672607421875,,,-5.5637359619140625,-0.029869126328976425,2024-02-12,2024-02-20,8 days,,31.773404675548534,34.24546828905416
241,1,1287,1292,184.17034912109375,181.46316528320312,,,-2.707183837890625,-0.014699346831941074,2024-02-13,2024-02-21,8 days,,29.777308110400256,44.551008931554925
242,1,1288,1293,183.28456115722656,183.5035400390625,,,0.2189788818359375,0.0011947481034590979,2024-02-14,2024-02-22,8 days,,29.06229450473218,43.18565825623591
243,1,1289,1294,182.99591064453125,181.6622314453125,,,-1.33367919921875,-0.007288027336356251,2024-02-15,2024-02-23,8 days,,30.998633640472278,41.09330096015892
244,1,1290,1295,181.4532012939453,180.30862426757812,,,-1.1445770263671875,-0.006307835950014606,2024-02-16,2024-02-26,10 days,,29.825106653794506,31.41388286767061
245,1,1291,1296,180.70672607421875,181.77171325683594,,,1.0649871826171875,0.00589345624124582,2024-02-20,2024-02-27,7 days,,34.24546828905416,30.807922238525762
246,1,1295,1300,180.30862426757812,174.27711486816406,,,-6.0315093994140625,-0.03345103110799241,2024-02-26,2024-03-04,7 days,,31.41388286767061,20.766690222040395
247,1,1296,1301,181.77171325683594,169.32049560546875,,,-12.451217651367188,-0.06849920390954412,2024-02-27,2024-03-05,7 days,,30.807922238525762,18.228348461758443
248,1,1297,1302,180.56739807128906,168.32518005371094,,,-12.242218017578125,-0.067798606771444,2024-02-28,2024-03-06,7 days,,28.29355024350859,18.143315405151768
249,1,1298,1303,179.90052795410156,168.20574951171875,,,-11.694778442382812,-0.06500691562932226,2024-02-29,2024-03-07,7 days,,28.973012339402615,18.275027787924145
250,1,1299,1304,178.815673828125,169.92762756347656,,,-8.888046264648438,-0.04970507380237543,2024-03-01,2024-03-08,7 days,,24.112734593828463,25.466160490170097
251,1,1300,1305,174.27711486816406,171.93814086914062,,,-2.3389739990234375,-0.013421004822077753,2024-03-04,2024-03-11,7 days,,20.766690222040395,32.28795776662163
252,1,1301,1306,169.32049560546875,172.41587829589844,,,3.0953826904296875,0.018281204997428135,2024-03-05,2024-03-12,7 days,,18.228348461758443,31.51689039433053
253,1,1302,1307,168.32518005371094,170.3257598876953,,,2.000579833984375,0.01188520834105744,2024-03-06,2024-03-13,7 days,,18.143315405151768,23.133126226108573
254,1,1303,1308,168.20574951171875,172.1869659423828,,,3.9812164306640625,0.02366872976828116,2024-03-07,2024-03-14,7 days,,18.275027787924145,30.697478369908296
255,1,1304,1309,169.92762756347656,171.80873107910156,,,1.881103515625,0.01107002753229347,2024-03-08,2024-03-15,7 days,,25.466160490170097,31.967867429841093
256,1,1305,1310,171.93814086914062,172.90357971191406,,,0.9654388427734375,0.0056150359535886984,2024-03-11,2024-03-18,7 days,,32.28795776662163,30.888055519747866
257,1,1306,1311,172.41587829589844,175.2524871826172,,,2.83660888671875,0.016452132568965494,2024-03-12,2024-03-19,7 days,,31.51689039433053,39.08422543685913
258,1,1307,1312,170.3257598876953,177.83030700683594,,,7.504547119140625,0.04405996558646663,2024-03-13,2024-03-20,7 days,,23.133126226108573,46.0576294984181
259,1,1308,1313,172.1869659423828,170.56460571289062,,,-1.6223602294921875,-0.009422085002851244,2024-03-14,2024-03-21,7 days,,30.697478369908296,37.28135125675986
260,1,1309,1314,171.80873107910156,171.4703369140625,,,-0.3383941650390625,-0.0019695981858062206,2024-03-15,2024-03-22,7 days,,31.967867429841093,45.12780877076532
261,1,1310,1315,172.90357971191406,170.0470733642578,,,-2.85650634765625,-0.01652080513553078,2024-03-18,2024-03-25,7 days,,30.888055519747866,51.43758894925009
262,1,1311,1316,175.2524871826172,168.9124298095703,,,-6.340057373046875,-0.03617670410828688,2024-03-19,2024-03-26,7 days,,39.08422543685913,51.15554696169755
263,1,1313,1318,170.56460571289062,170.67408752441406,,,0.1094818115234375,0.0006418788415443188,2024-03-21,2024-03-28,7 days,,37.28135125675986,51.288190150769864
264,1,1325,1330,168.87261962890625,168.583984375,,,-0.28863525390625,-0.001709189177858006,2024-04-09,2024-04-16,7 days,,37.76251652938763,49.46167016549797
265,1,1326,1331,166.99148559570312,167.21044921875,,,0.218963623046875,0.0013112262716017398,2024-04-10,2024-04-17,7 days,,28.63869587523149,40.66127958111231
266,1,1341,1346,168.5043487548828,181.88119506835938,,,13.376846313476562,0.07938576311128553,2024-05-01,2024-05-08,7 days,,39.34672703392357,74.00613326944706
267,1,1399,1404,216.76148986816406,217.62855529785156,,,0.8670654296875,0.0040000898232193105,2024-07-25,2024-08-01,7 days,,38.650945855950944,31.133831685098343
268,1,1400,1405,217.22991943359375,219.12353515625,,,1.89361572265625,0.008717103645730084,2024-07-26,2024-08-02,7 days,,37.0194838752329,25.701873333776803
269,1,1401,1406,217.50897216796875,208.5690155029297,,,-8.939956665039062,-0.04110155354021572,2024-07-29,2024-08-05,7 days,,36.04279453995051,18.134203131671185
270,1,1402,1407,218.06710815429688,206.5358428955078,,,-11.531265258789062,-0.052879434025556615,2024-07-30,2024-08-06,7 days,,28.936454539169418,20.088425267069525
271,1,1404,1409,217.62855529785156,212.59548950195312,,,-5.0330657958984375,-0.023126863058067326,2024-08-01,2024-08-08,7 days,,31.133831685098343,35.30986117074566
272,1,1405,1410,219.12353515625,215.51568603515625,,,-3.60784912109375,-0.016464909250944237,2024-08-02,2024-08-09,7 days,,25.701873333776803,40.354855147423386
273,1,1406,1411,208.5690155029297,217.0522918701172,,,8.4832763671875,0.04067371343117032,2024-08-05,2024-08-12,7 days,,18.134203131671185,41.07886812532312
274,1,1407,1412,206.5358428955078,220.78408813476562,,,14.248245239257812,0.06898679202363134,2024-08-06,2024-08-13,7 days,,20.088425267069525,53.95136901269663
275,1,1408,1413,209.1171875,221.23309326171875,,,12.11590576171875,0.05793835459707841,2024-08-07,2024-08-14,7 days,,28.93197489473208,56.03258428400334
276,1,1409,1414,212.59548950195312,224.22650146484375,,,11.631011962890625,0.05470958951263993,2024-08-08,2024-08-15,7 days,,35.30986117074566,58.8369543682532
277,1,1429,1434,220.33506774902344,222.01136779785156,,,1.676300048828125,0.0076079584877408735,2024-09-06,2024-09-13,7 days,,38.694353738753065,40.08229054839864
278,1,1430,1435,220.4248809814453,215.84495544433594,,,-4.579925537109375,-0.020777715821903464,2024-09-09,2024-09-16,7 days,,39.20215922994539,30.41133177357416
279,1,1431,1436,219.62661743164062,216.31390380859375,,,-3.312713623046875,-0.015083388624686944,2024-09-10,2024-09-17,7 days,,36.230650990053405,29.444038612345082
280,1,1435,1440,215.84495544433594,225.97265625,,,10.127700805664062,0.046921183702511415,2024-09-16,2024-09-23,7 days,,30.41133177357416,56.17487175560831
281,1,1436,1441,216.31390380859375,226.8706817626953,,,10.556777954101562,0.04880304857076023,2024-09-17,2024-09-24,7 days,,29.444038612345082,61.26465692620677
282,1,1469,1474,222.4204864501953,226.7107391357422,,,4.290252685546875,0.019288927715332305,2024-11-01,2024-11-08,7 days,,35.57924673611056,33.368852387055995
283,1,1470,1475,221.52244567871094,223.98373413085938,,,2.4612884521484375,0.011110785837558979,2024-11-04,2024-11-11,7 days,,28.425638347733084,31.017254305926045
284,1,1471,1476,222.95928955078125,223.98373413085938,,,1.024444580078125,0.004594760694394795,2024-11-05,2024-11-12,7 days,,34.46475568144872,37.3744599519411
285,1,1472,1477,222.23089599609375,224.8727569580078,,,2.6418609619140625,0.011887910319906547,2024-11-06,2024-11-13,7 days,,32.64631173583879,39.83295965532761
286,1,1473,1478,226.98043823242188,227.9693603515625,,,0.988922119140625,0.004356860559622255,2024-11-07,2024-11-14,7 days,,37.07013195722973,44.72325659424751
287,1,1474,1479,226.7107391357422,224.7528839111328,,,-1.957855224609375,-0.00863591743414116,2024-11-08,2024-11-15,7 days,,33.368852387055995,35.983317943464854
288,1,1475,1480,223.98373413085938,227.7695770263672,,,3.7858428955078125,0.016902311724546815,2024-11-11,2024-11-18,7 days,,31.017254305926045,41.520033818026356
289,1,1476,1481,223.98373413085938,228.02928161621094,,,4.0455474853515625,0.0180617914111032,2024-11-12,2024-11-19,7 days,,37.3744599519411,47.25001487695552
290,1,1477,1482,224.8727569580078,228.7484893798828,,,3.875732421875,0.017235224374461344,2024-11-13,2024-11-20,7 days,,39.83295965532761,56.66901849439894
291,1,1479,1484,224.7528839111328,229.61753845214844,,,4.864654541015625,0.021644458822335233,2024-11-15,2024-11-22,7 days,,35.983317943464854,67.6462370527072
292,1,1513,1518,241.94400024414062,237.60874938964844,,,-4.3352508544921875,-0.017918406119257213,2025-01-07,2025-01-15,8 days,,38.6591380846063,27.308223285130595
293,1,1514,1519,242.43344116210938,228.00930786132812,,,-14.42413330078125,-0.059497292253242295,2025-01-08,2025-01-16,8 days,,35.42452374244792,16.748021161895565
294,1,1515,1520,236.58987426757812,229.7274169921875,,,-6.862457275390625,-0.02900570997230989,2025-01-10,2025-01-17,7 days,,35.02670575150846,18.379769961385236
295,1,1516,1521,234.14256286621094,222.39547729492188,,,-11.747085571289062,-0.05017065426930234,2025-01-13,2025-01-21,8 days,,29.808415727089923,16.93755805362852
296,1,1517,1522,233.02378845214844,223.58416748046875,,,-9.439620971679688,-0.040509258880314314,2025-01-14,2025-01-22,8 days,,19.28747466784519,20.218316004655478
297,1,1518,1523,237.60874938964844,223.41436767578125,,,-14.194381713867188,-0.05973846396788274,2025-01-15,2025-01-23,8 days,,27.308223285130595,20.92565650651204
298,1,1519,1524,228.00930786132812,222.5353240966797,,,-5.4739837646484375,-0.0240077206320789,2025-01-16,2025-01-24,8 days,,16.748021161895565,23.87796657932354
299,1,1520,1525,229.7274169921875,229.6075439453125,,,-0.119873046875,-0.0005218055748177353,2025-01-17,2025-01-27,10 days,,18.379769961385236,35.61378565807898
300,1,1521,1526,222.39547729492188,237.99832153320312,,,15.60284423828125,0.0701581004616838,2025-01-21,2025-01-28,7 days,,16.93755805362852,43.72204481025899
301,1,1522,1527,223.58416748046875,239.0971221923828,,,15.512954711914062,0.06938306449301335,2025-01-22,2025-01-29,7 days,,20.218316004655478,47.259079181765216
302,1,1523,1528,223.41436767578125,237.3290557861328,,,13.914688110351562,0.062281975215419116,2025-01-23,2025-01-30,7 days,,20.92565650651204,45.203682308419566
303,1,1524,1529,222.5353240966797,235.74081420898438,,,13.205490112304688,0.059341096367099055,2025-01-24,2025-01-31,7 days,,23.87796657932354,49.13283663592229
304,1,1525,1530,229.6075439453125,227.75958251953125,,,-1.84796142578125,-0.008048348037821396,2025-01-27,2025-02-03,7 days,,35.61378565807898,44.142990476505176
305,1,1552,1557,235.3300018310547,209.67999267578125,,,-25.650009155273438,-0.10899591618448967,2025-03-06,2025-03-13,7 days,,38.619684842211036,17.702141808054762
306,1,1554,1559,227.47999572753906,214.0,,,-13.479995727539062,-0.05925793907471555,2025-03-10,2025-03-17,7 days,,28.42265555569766,21.63462382398737
307,1,1555,1560,220.83999633789062,212.69000244140625,,,-8.149993896484375,-0.03690451925209548,2025-03-11,2025-03-18,7 days,,23.657103246531236,23.83204772216368
308,1,1556,1561,216.97999572753906,215.24000549316406,,,-1.739990234375,-0.008019127424815253,2025-03-12,2025-03-19,7 days,,20.26386281624785,28.934309709028156
309,1,1557,1562,209.67999267578125,214.10000610351562,,,4.420013427734375,0.02107980533254228,2025-03-13,2025-03-20,7 days,,17.702141808054762,21.67077432086576
310,1,1558,1563,213.49000549316406,218.27000427246094,,,4.779998779296875,0.02238980119118472,2025-03-14,2025-03-21,7 days,,20.920585943595583,29.967573541172882
311,1,1559,1564,214.0,220.72999572753906,,,6.7299957275390625,0.031448578166070495,2025-03-17,2025-03-24,7 days,,21.63462382398737,34.70209891244288
312,1,1560,1565,212.69000244140625,223.75,,,11.05999755859375,0.05200055212581356,2025-03-18,2025-03-25,7 days,,23.83204772216368,38.58312723371449
313,1,1561,1566,215.24000549316406,221.52999877929688,,,6.2899932861328125,0.029223160776831403,2025-03-19,2025-03-26,7 days,,28.934309709028156,37.297498789999885
314,1,1562,1567,214.10000610351562,223.85000610351562,,,9.75,0.04553946624030436,2025-03-20,2025-03-27,7 days,,21.67077432086576,35.61437221505595
315,1,1563,1568,218.27000427246094,217.89999389648438,,,-0.3700103759765625,-0.0016951957150955765,2025-03-21,2025-03-28,7 days,,29.967573541172882,39.86458235463719
316,1,1564,1569,220.72999572753906,222.1300048828125,,,1.4000091552734375,0.00634263209519359,2025-03-24,2025-03-31,7 days,,34.70209891244288,51.43813544214049
317,1,1565,1570,223.75,223.19000244140625,,,-0.55999755859375,-0.002502782384776525,2025-03-25,2025-04-01,7 days,,38.58312723371449,57.384068675745006
318,1,1566,1571,221.52999877929688,223.88999938964844,,,2.3600006103515625,0.010653187484114701,2025-03-26,2025-04-02,7 days,,37.297498789999885,70.04230705824979
319,1,1567,1572,223.85000610351562,203.19000244140625,,,-20.660003662109375,-0.09229396068256313,2025-03-27,2025-04-03,7 days,,35.61437221505595,40.160488374432056
320,1,1568,1573,217.89999389648438,188.3800048828125,,,-29.519989013671875,-0.13547494190245668,2025-03-28,2025-04-04,7 days,,39.86458235463719,30.77731881336838
321,1,1573,1578,188.3800048828125,198.14999389648438,,,9.769989013671875,0.0518631954582951,2025-04-04,2025-04-11,7 days,,30.77731881336838,40.058122043661136
322,1,1574,1579,181.4600067138672,202.52000427246094,,,21.05999755859375,0.11605861776364823,2025-04-07,2025-04-14,7 days,,28.38755077374188,40.76234157443918
323,1,1575,1580,172.4199981689453,202.13999938964844,,,29.720001220703125,0.17236980359773613,2025-04-08,2025-04-15,7 days,,22.809248133734712,41.42566981356271
324,1,1577,1582,190.4199981689453,196.97999572753906,,,6.55999755859375,0.0344501503081287,2025-04-10,2025-04-17,7 days,,37.141012070629195,40.93430641489272
325,1,1581,1586,194.27000427246094,208.3699951171875,,,14.099990844726562,0.07257935108166014,2025-04-16,2025-04-24,8 days,,37.53161708247988,52.40437830350939
