,Size,EntryBar,ExitBar,EntryPrice,ExitPrice,SL,TP,PnL,ReturnPct,EntryTime,ExitTime,Duration,Tag,"Entry_CMF(H,L,C,V)","Exit_CMF(H,L,C,V)"
0,1,20,25,98.23342895507812,99.0235595703125,,,0.790130615234375,0.008043398501295318,2019-01-31,2019-02-07,7 days,,0.20235774706444748,0.2904428507050039
1,1,21,26,96.68132019042969,99.39983367919922,,,2.7185134887695312,0.028118290931639978,2019-02-01,2019-02-08,7 days,,0.23247746849195944,0.28626167835595717
2,1,22,27,99.4656753540039,99.00475311279297,,,-0.4609222412109375,-0.004633982924968749,2019-02-04,2019-02-11,7 days,,0.23741438004523727,0.2574820912691826
3,1,23,28,100.85787963867188,100.54741668701172,,,-0.31046295166015625,-0.0030782220761769175,2019-02-05,2019-02-12,7 days,,0.28234885480487437,0.2881820330124033
4,1,24,29,99.73847198486328,100.47217559814453,,,0.73370361328125,0.007356274852422073,2019-02-06,2019-02-13,7 days,,0.2786055847793926,0.21859344904856318
5,1,25,30,99.0235595703125,100.5568618774414,,,1.5333023071289062,0.015484217228528996,2019-02-07,2019-02-14,7 days,,0.2904428507050039,0.2584256334605383
6,1,26,31,99.39983367919922,101.79853820800781,,,2.3987045288085938,0.024131876684523546,2019-02-08,2019-02-15,7 days,,0.28626167835595717,0.27467364494299973
7,1,27,32,99.00475311279297,101.75151062011719,,,2.7467575073242188,0.02774369331737958,2019-02-11,2019-02-19,8 days,,0.2574820912691826,0.22758718667835326
8,1,28,33,100.54741668701172,101.22247314453125,,,0.6750564575195312,0.006713812047711487,2019-02-12,2019-02-20,8 days,,0.2881820330124033,0.24897711666864794
9,1,29,34,100.47217559814453,103.35746002197266,,,2.885284423828125,0.028717248398883122,2019-02-13,2019-02-21,8 days,,0.21859344904856318,0.2682041333680616
10,1,30,35,100.5568618774414,104.8311538696289,,,4.2742919921875,0.04250621899276252,2019-02-14,2019-02-22,8 days,,0.2584256334605383,0.29701619746116126
11,1,31,36,101.79853820800781,105.41683197021484,,,3.6182937622070312,0.03554367111651113,2019-02-15,2019-02-25,10 days,,0.27467364494299973,0.28045542886705344
12,1,32,37,101.75151062011719,106.14425659179688,,,4.3927459716796875,0.04317130964354643,2019-02-19,2019-02-26,7 days,,0.22758718667835326,0.31886902878576856
13,1,33,38,101.22247314453125,105.96475219726562,,,4.742279052734375,0.046850061112052366,2019-02-20,2019-02-27,7 days,,0.24897711666864794,0.38001242361752824
14,1,34,39,103.35746002197266,105.83251190185547,,,2.4750518798828125,0.02394652383443474,2019-02-21,2019-02-28,7 days,,0.2682041333680616,0.2739887444637667
15,1,35,40,104.8311538696289,106.3048324584961,,,1.4736785888671875,0.01405763968504914,2019-02-22,2019-03-01,7 days,,0.29701619746116126,0.27947065996509335
16,1,36,41,105.41683197021484,106.04978942871094,,,0.6329574584960938,0.006004330111864187,2019-02-25,2019-03-04,7 days,,0.28045542886705344,0.3325479705900579
17,1,37,42,106.14425659179688,105.52075958251953,,,-0.6234970092773438,-0.005874053192299944,2019-02-26,2019-03-05,7 days,,0.31886902878576856,0.2692620791360336
18,1,38,43,105.96475219726562,105.56798553466797,,,-0.39676666259765625,-0.003744326810287135,2019-02-27,2019-03-06,7 days,,0.38001242361752824,0.20192150097229833
19,1,39,44,105.83251190185547,104.2832260131836,,,-1.549285888671875,-0.014639035404438117,2019-02-28,2019-03-07,7 days,,0.2739887444637667,0.1933163896931542
20,1,40,45,106.3048324584961,104.39659881591797,,,-1.908233642578125,-0.017950582287245886,2019-03-01,2019-03-08,7 days,,0.27947065996509335,0.2026037338198902
21,1,41,46,106.04978942871094,106.58824157714844,,,0.5384521484375,0.005077352358153098,2019-03-04,2019-03-11,7 days,,0.3325479705900579,0.21096858695955473
22,1,42,47,105.52075958251953,107.33454895019531,,,1.8137893676757812,0.01718893395813126,2019-03-05,2019-03-12,7 days,,0.2692620791360336,0.2586379561465178
23,1,43,48,105.56798553466797,108.16585540771484,,,2.597869873046875,0.024608500956890378,2019-03-06,2019-03-13,7 days,,0.20192150097229833,0.2300311006196102
24,1,45,50,104.39659881591797,109.49787139892578,,,5.1012725830078125,0.04886435612718443,2019-03-08,2019-03-15,7 days,,0.2026037338198902,0.19290492732279113
25,1,46,51,106.58824157714844,111.0660400390625,,,4.4777984619140625,0.042010247994128225,2019-03-11,2019-03-18,7 days,,0.21096858695955473,0.20537495595373367
26,1,47,52,107.33454895019531,111.14161682128906,,,3.80706787109375,0.03546917472826272,2019-03-12,2019-03-19,7 days,,0.2586379561465178,0.19571274427190202
27,1,48,53,108.16585540771484,111.018798828125,,,2.8529434204101562,0.02637563776162466,2019-03-13,2019-03-20,7 days,,0.2300311006196102,0.18143232633844203
28,1,49,54,108.25089263916016,113.56944274902344,,,5.318550109863281,0.04913169748716961,2019-03-14,2019-03-21,7 days,,0.22949616931821376,0.168208842154203
29,1,51,56,111.0660400390625,111.15106201171875,,,0.08502197265625,0.0007655082744135733,2019-03-18,2019-03-25,7 days,,0.20537495595373367,0.11396494481321968
30,1,64,69,112.75699615478516,113.67335510253906,,,0.9163589477539062,0.008126847814356353,2019-04-04,2019-04-11,7 days,,0.21147626005763812,0.20945948157167377
31,1,69,74,113.67335510253906,116.54515838623047,,,2.8718032836914062,0.02526364495092892,2019-04-11,2019-04-18,7 days,,0.20945948157167377,0.2909654579333344
32,1,70,75,114.25907135009766,116.9135971069336,,,2.6545257568359375,0.02323251646866864,2019-04-12,2019-04-22,10 days,,0.26461279840704016,0.4148803689129103
33,1,71,76,114.353515625,118.50066375732422,,,4.147148132324219,0.03626603091000691,2019-04-15,2019-04-23,8 days,,0.20581932384741852,0.4291235074630331
34,1,72,77,114.0889892578125,118.09445190429688,,,4.005462646484375,0.03510823150017606,2019-04-16,2019-04-24,8 days,,0.220687033117336,0.39367851350646843
35,1,73,78,115.03369140625,122.00541687011719,,,6.9717254638671875,0.06060594403813413,2019-04-17,2019-04-25,8 days,,0.2801241518811529,0.31404487500712797
36,1,74,79,116.54515838623047,122.70447540283203,,,6.1593170166015625,0.05284918826219798,2019-04-18,2019-04-26,8 days,,0.2909654579333344,0.3145643209487717
37,1,75,80,116.9135971069336,122.59114074707031,,,5.677543640136719,0.04856187629693598,2019-04-22,2019-04-29,7 days,,0.4148803689129103,0.29462704413772944
38,1,76,81,118.50066375732422,123.37523651123047,,,4.87457275390625,0.04113540464118248,2019-04-23,2019-04-30,7 days,,0.4291235074630331,0.29790206040370293
39,1,77,82,118.09445190429688,120.80569458007812,,,2.71124267578125,0.022958256142112665,2019-04-24,2019-05-01,7 days,,0.39367851350646843,0.21839919979206684
40,1,78,83,122.00541687011719,119.22808074951172,,,-2.7773361206054688,-0.0227640394324633,2019-04-25,2019-05-02,7 days,,0.31404487500712797,0.17226114598748943
41,1,79,84,122.70447540283203,121.76924896240234,,,-0.9352264404296875,-0.00762177937976094,2019-04-26,2019-05-03,7 days,,0.3145643209487717,0.19741872315533365
42,1,80,85,122.59114074707031,121.06073760986328,,,-1.5304031372070312,-0.012483798811894209,2019-04-29,2019-05-06,7 days,,0.29462704413772944,0.22295620363690713
43,1,81,86,123.37523651123047,118.57624816894531,,,-4.798988342285156,-0.038897500649154315,2019-04-30,2019-05-07,7 days,,0.29790206040370293,0.17447962502290978
44,1,82,87,120.80569458007812,118.5667953491211,,,-2.2388992309570312,-0.018533060372190824,2019-05-01,2019-05-08,7 days,,0.21839919979206684,0.1494786377160776
45,1,85,90,121.06073760986328,116.52627563476562,,,-4.534461975097656,-0.03745609075760514,2019-05-06,2019-05-13,7 days,,0.22295620363690713,0.11247211835105957
46,1,89,94,120.09717559814453,121.43302154541016,,,1.335845947265625,0.011123042158255991,2019-05-10,2019-05-17,7 days,,0.2031310515812473,0.0538425032097306
47,1,179,184,131.77882385253906,132.5779571533203,,,0.79913330078125,0.00606420119271589,2019-09-18,2019-09-25,7 days,,0.20205255890276833,0.16879740476436486
48,1,182,187,132.36866760253906,132.26400756835938,,,-0.1046600341796875,-0.0007906707537009838,2019-09-23,2019-09-30,7 days,,0.2266844039864088,0.12746744167440963
49,1,221,226,142.67160034179688,142.7943572998047,,,0.1227569580078125,0.0008604162125729342,2019-11-15,2019-11-22,7 days,,0.20877349874185594,0.13554295887009993
50,1,222,227,143.02357482910156,144.35984802246094,,,1.336273193359375,0.009343027504074675,2019-11-18,2019-11-25,7 days,,0.20276803355835568,0.21832470446082183
51,1,223,228,143.07118225097656,145.1234893798828,,,2.05230712890625,0.014344657649547399,2019-11-19,2019-11-26,7 days,,0.22643188306384224,0.27432319525424304
52,1,227,232,144.35984802246094,142.5270233154297,,,-1.83282470703125,-0.012696222198474993,2019-11-25,2019-12-03,8 days,,0.21832470446082183,0.3271504027402932
53,1,228,233,145.1234893798828,143.0425262451172,,,-2.080963134765625,-0.014339257853140386,2019-11-26,2019-12-04,8 days,,0.27432319525424304,0.34272861608373323
54,1,229,234,145.4003448486328,143.11886596679688,,,-2.2814788818359375,-0.015691014242167345,2019-11-27,2019-12-05,8 days,,0.27073517886109527,0.33210541876232547
55,1,230,235,144.50303649902344,144.85621643066406,,,0.353179931640625,0.0024441004161390723,2019-11-29,2019-12-06,7 days,,0.29305151649004,0.3740488384536095
56,1,231,236,142.7561798095703,144.4839324951172,,,1.727752685546875,0.012102822363638577,2019-12-02,2019-12-09,7 days,,0.2732118821241068,0.3195959597693827
57,1,232,237,142.5270233154297,144.264404296875,,,1.7373809814453125,0.012189835590688425,2019-12-03,2019-12-10,7 days,,0.3271504027402932,0.28048066303641733
58,1,233,238,143.0425262451172,144.80848693847656,,,1.765960693359375,0.012345704034429916,2019-12-04,2019-12-11,7 days,,0.34272861608373323,0.3015690008768693
59,1,234,239,143.11886596679688,146.27853393554688,,,3.15966796875,0.02207722893418551,2019-12-05,2019-12-12,7 days,,0.33210541876232547,0.31548031506857144
60,1,235,240,144.85621643066406,147.5099334716797,,,2.653717041015625,0.018319662810507342,2019-12-06,2019-12-13,7 days,,0.3740488384536095,0.32598758558850727
61,1,236,241,144.4839324951172,148.46449279785156,,,3.980560302734375,0.02755019353358823,2019-12-09,2019-12-16,7 days,,0.3195959597693827,0.28784859564960474
62,1,237,242,144.264404296875,147.66261291503906,,,3.3982086181640625,0.023555419888408924,2019-12-10,2019-12-17,7 days,,0.28048066303641733,0.2085834142370312
63,1,238,243,144.80848693847656,147.35719299316406,,,2.5487060546875,0.01760052955853575,2019-12-11,2019-12-18,7 days,,0.3015690008768693,0.20559744471374633
64,1,239,244,146.27853393554688,148.63632202148438,,,2.3577880859375,0.016118483160190822,2019-12-12,2019-12-19,7 days,,0.31548031506857144,0.26464172658125085
65,1,240,245,147.5099334716797,150.25909423828125,,,2.7491607666015625,0.018637122950973195,2019-12-13,2019-12-20,7 days,,0.32598758558850727,0.22497210831821346
66,1,241,246,148.46449279785156,150.25909423828125,,,1.7946014404296875,0.012087748434726375,2019-12-16,2019-12-23,7 days,,0.28784859564960474,0.1960913511515055
67,1,242,247,147.66261291503906,150.23046875,,,2.5678558349609375,0.017390020291990993,2019-12-17,2019-12-24,7 days,,0.2085834142370312,0.1567523850561222
68,1,243,248,147.35719299316406,151.46185302734375,,,4.1046600341796875,0.027855172528769012,2019-12-18,2019-12-26,8 days,,0.20559744471374633,0.17473714795609324
69,1,244,249,148.63632202148438,151.73863220214844,,,3.1023101806640625,0.020871817456675545,2019-12-19,2019-12-27,8 days,,0.26464172658125085,0.15580653534425282
70,1,245,250,150.25909423828125,150.43092346191406,,,0.1718292236328125,0.0011435529044274695,2019-12-20,2019-12-30,10 days,,0.22497210831821346,0.1671007191279409
71,1,251,256,150.53591918945312,152.8173828125,,,2.281463623046875,0.015155609606871234,2019-12-31,2020-01-08,8 days,,0.22890276932237943,0.19741793544130587
72,1,252,257,153.3232421875,154.7264404296875,,,1.4031982421875,0.009151895186716219,2020-01-02,2020-01-09,7 days,,0.2262700403979103,0.2451318869881771
73,1,254,259,151.8054962158203,155.86244201660156,,,4.05694580078125,0.026724630543109695,2020-01-06,2020-01-13,7 days,,0.2323525900614759,0.1749435260380732
74,1,257,262,154.7264404296875,158.6211395263672,,,3.8946990966796875,0.0251715161666215,2020-01-09,2020-01-16,7 days,,0.2451318869881771,0.17542296632077656
75,1,263,268,159.50889587402344,154.90786743164062,,,-4.6010284423828125,-0.028844964521706706,2020-01-17,2020-01-27,10 days,,0.2573964443522724,0.1150319167787194
76,1,278,283,180.12765502929688,178.7244110107422,,,-1.4032440185546875,-0.007790275281863046,2020-02-10,2020-02-18,8 days,,0.2203891054427109,0.127597130594138
77,1,285,290,176.5229034423828,151.40652465820312,,,-25.116378784179688,-0.1422839659578662,2020-02-20,2020-02-27,7 days,,0.20175833259275588,-0.08906902304588905
78,1,362,367,188.93580627441406,186.44020080566406,,,-2.49560546875,-0.013208748082009003,2020-06-10,2020-06-17,7 days,,0.2434997858692603,0.13675849634824752
79,1,400,405,204.72520446777344,195.21319580078125,,,-9.512008666992188,-0.0464623234433722,2020-08-04,2020-08-11,7 days,,0.2527633621977521,0.1536145615359135
80,1,401,406,204.38929748535156,200.7898712158203,,,-3.59942626953125,-0.01761063966565679,2020-08-05,2020-08-12,7 days,,0.21121275715721938,0.17862699098943693
81,1,402,407,207.66238403320312,200.31954956054688,,,-7.34283447265625,-0.035359482685521915,2020-08-06,2020-08-13,7 days,,0.2466482408662678,0.162697027671805
82,1,403,408,203.94778442382812,200.51153564453125,,,-3.436248779296875,-0.016848669324869614,2020-08-07,2020-08-14,7 days,,0.20866781767879555,0.18171317429741585
83,1,404,409,199.88758850097656,201.83612060546875,,,1.9485321044921875,0.009748139537351319,2020-08-10,2020-08-17,7 days,,0.2377210103353776,0.14813998813240947
84,1,410,415,202.99754333496094,208.27984619140625,,,5.2823028564453125,0.026021511244247453,2020-08-18,2020-08-25,7 days,,0.20579230932432235,0.21061337564491875
85,1,412,417,206.46131896972656,218.00729370117188,,,11.545974731445312,0.05592318594621726,2020-08-20,2020-08-27,7 days,,0.2725471627227735,0.2039428532203258
86,1,415,420,208.27984619140625,218.6711883544922,,,10.391342163085938,0.049891251376940504,2020-08-25,2020-09-01,7 days,,0.21061337564491875,0.05628166809514096
87,1,416,421,212.78273010253906,222.88548278808594,,,10.102752685546875,0.04747919476678586,2020-08-26,2020-09-02,7 days,,0.22402721814652155,0.09763254945917996
88,1,417,422,218.00729370117188,209.07839965820312,,,-8.92889404296875,-0.040956859247139765,2020-08-27,2020-09-03,7 days,,0.2039428532203258,-0.021956637706056673
89,1,497,502,214.72894287109375,216.23385620117188,,,1.504913330078125,0.0070084326311872225,2020-12-21,2020-12-29,8 days,,0.23592676100132065,0.13243651062018846
90,1,498,503,216.0312957763672,213.85104370117188,,,-2.1802520751953125,-0.010092297356084412,2020-12-22,2020-12-30,8 days,,0.24361476418556632,0.0763679701465644
91,1,581,586,252.5074005126953,243.83425903320312,,,-8.673141479492188,-0.03434806846010097,2021-04-23,2021-04-30,7 days,,0.2748288034385714,0.2176578290458082
92,1,582,587,252.89418029785156,243.52487182617188,,,-9.369308471679688,-0.03704833563447285,2021-04-26,2021-05-03,7 days,,0.24095656454283948,0.15099785777182706
93,1,583,588,253.3002471923828,239.5895538330078,,,-13.710693359375,-0.05412822731657918,2021-04-27,2021-05-04,7 days,,0.23274388376471888,0.1420655614294734
94,1,584,589,246.13548278808594,238.313232421875,,,-7.8222503662109375,-0.03178026295763958,2021-04-28,2021-05-05,7 days,,0.23512709422755962,0.09630744976819595
95,1,585,590,244.15330505371094,241.46531677246094,,,-2.68798828125,-0.011009428197823024,2021-04-29,2021-05-06,7 days,,0.23499872205324993,0.13554186702378387
96,1,586,591,243.83425903320312,244.10499572753906,,,0.2707366943359375,0.0011103308263957778,2021-04-30,2021-05-07,7 days,,0.2176578290458082,0.08415266880931477
97,1,627,632,263.0240783691406,271.29083251953125,,,8.266754150390625,0.031429647816458406,2021-06-29,2021-07-07,8 days,,0.20841831231936925,0.300809643231376
98,1,628,633,262.5395812988281,268.85833740234375,,,6.318756103515625,0.0240678227345974,2021-06-30,2021-07-08,8 days,,0.23578751600498593,0.33865972434178554
99,1,629,634,263.21795654296875,269.3623046875,,,6.14434814453125,0.023343195218249457,2021-07-01,2021-07-09,8 days,,0.23448535203074214,0.3397081091781383
100,1,630,635,269.0812683105469,268.76141357421875,,,-0.319854736328125,-0.0011886919455090794,2021-07-02,2021-07-12,10 days,,0.2520119454801926,0.3038330411872072
101,1,631,636,269.0909423828125,272.3085021972656,,,3.217559814453125,0.01195714647977919,2021-07-06,2021-07-13,7 days,,0.22647796832995848,0.27822794656945765
102,1,632,637,271.29083251953125,273.79132080078125,,,2.50048828125,0.009217002498858706,2021-07-07,2021-07-14,7 days,,0.300809643231376,0.3029823495812532
103,1,633,638,268.85833740234375,272.35693359375,,,3.49859619140625,0.01301278667869843,2021-07-08,2021-07-15,7 days,,0.33865972434178554,0.30318456922486736
104,1,634,639,269.3623046875,272.0855712890625,,,2.7232666015625,0.010110050865216325,2021-07-09,2021-07-16,7 days,,0.3397081091781383,0.2393955667144602
105,1,635,640,268.76141357421875,268.4610290527344,,,-0.300384521484375,-0.001117662381253326,2021-07-12,2021-07-19,7 days,,0.3038330411872072,0.28044142580827475
106,1,636,641,272.3085021972656,270.69976806640625,,,-1.608734130859375,-0.005907763135849398,2021-07-13,2021-07-20,7 days,,0.27822794656945765,0.25891760982093964
107,1,637,642,273.79132080078125,272.71551513671875,,,-1.0758056640625,-0.003929290603208346,2021-07-14,2021-07-21,7 days,,0.3029823495812532,0.2640827007906847
108,1,638,643,272.35693359375,277.3092346191406,,,4.952301025390625,0.018183128147482908,2021-07-15,2021-07-22,7 days,,0.30318456922486736,0.31391474454240503
109,1,639,644,272.0855712890625,280.7303161621094,,,8.644744873046875,0.031772154738270775,2021-07-16,2021-07-23,7 days,,0.2393955667144602,0.3506594580464542
110,1,640,645,268.4610290527344,280.12945556640625,,,11.668426513671875,0.043464135389944536,2021-07-19,2021-07-26,7 days,,0.28044142580827475,0.4230386363030938
111,1,641,646,270.69976806640625,277.6968994140625,,,6.99713134765625,0.025848309356289345,2021-07-20,2021-07-27,7 days,,0.25891760982093964,0.3815970241501962
112,1,642,647,272.71551513671875,277.3867492675781,,,4.671234130859375,0.017128596913591698,2021-07-21,2021-07-28,7 days,,0.2640827007906847,0.3210260330189623
113,1,643,648,277.3092346191406,277.65814208984375,,,0.348907470703125,0.0012581891518410604,2021-07-22,2021-07-29,7 days,,0.31391474454240503,0.2784211777437466
114,1,644,649,280.7303161621094,276.11724853515625,,,-4.613067626953125,-0.0164323814043984,2021-07-23,2021-07-30,7 days,,0.3506594580464542,0.23883513837916634
115,1,645,650,280.12945556640625,276.02996826171875,,,-4.0994873046875,-0.014634260065220839,2021-07-26,2021-08-02,7 days,,0.4230386363030938,0.18774691216272033
116,1,646,651,277.6968994140625,278.2590026855469,,,0.562103271484375,0.0020241611363698286,2021-07-27,2021-08-03,7 days,,0.3815970241501962,0.20632867697887958
117,1,647,652,277.3867492675781,277.6678161621094,,,0.28106689453125,0.0010132671992204578,2021-07-28,2021-08-04,7 days,,0.3210260330189623,0.190500796802644
118,1,648,653,277.65814208984375,280.58489990234375,,,2.9267578125,0.010540867955361355,2021-07-29,2021-08-05,7 days,,0.2784211777437466,0.20593743751805013
119,1,649,654,276.11724853515625,280.5268249511719,,,4.409576416015625,0.015969941897542084,2021-07-30,2021-08-06,7 days,,0.23883513837916634,0.19587654888311054
120,1,651,656,278.2590026855469,277.5999450683594,,,-0.6590576171875,-0.0023685042022962843,2021-08-03,2021-08-10,7 days,,0.20632867697887958,0.16248957195421745
121,1,653,658,280.58489990234375,280.86590576171875,,,0.281005859375,0.0010015002926844208,2021-08-05,2021-08-12,7 days,,0.20593743751805013,0.18420166522528086
122,1,659,664,283.8121643066406,295.5316162109375,,,11.719451904296875,0.04129298662348657,2021-08-13,2021-08-20,7 days,,0.257346099181851,0.26240845228268206
123,1,660,665,285.5081787109375,295.8132019042969,,,10.305023193359375,0.036093618192957866,2021-08-16,2021-08-23,7 days,,0.32443588735987877,0.2619978960839806
124,1,661,666,284.03509521484375,293.8420715332031,,,9.806976318359375,0.03452734004909286,2021-08-17,2021-08-24,7 days,,0.3447886107874692,0.23585529464226312
125,1,662,667,282.2969665527344,293.2497863769531,,,10.95281982421875,0.03879892851123756,2021-08-18,2021-08-25,7 days,,0.2466005409026984,0.2525285882270382
126,1,663,668,288.1617431640625,290.4145202636719,,,2.252777099609375,0.007817752193172822,2021-08-19,2021-08-26,7 days,,0.25761783922594705,0.24255840326904246
127,1,664,669,295.5316162109375,291.02618408203125,,,-4.50543212890625,-0.015245178118913905,2021-08-20,2021-08-27,7 days,,0.26240845228268206,0.28029728306158036
128,1,665,670,295.8132019042969,294.7839050292969,,,-1.029296875,-0.0034795501633256842,2021-08-23,2021-08-30,7 days,,0.2619978960839806,0.31660402960919554
129,1,666,671,293.8420715332031,293.1235656738281,,,-0.718505859375,-0.002445210978897605,2021-08-24,2021-08-31,7 days,,0.23585529464226312,0.2209449156698709
130,1,667,672,293.2497863769531,293.0749816894531,,,-0.1748046875,-0.0005960948502629071,2021-08-25,2021-09-01,7 days,,0.2525285882270382,0.171164495941255
131,1,668,673,290.4145202636719,292.4147033691406,,,2.00018310546875,0.006887338496893269,2021-08-26,2021-09-02,7 days,,0.24255840326904246,0.12316436435587852
132,1,669,674,291.02618408203125,292.4049987792969,,,1.378814697265625,0.004737768533146669,2021-08-27,2021-09-03,7 days,,0.28029728306158036,0.07611964074728618
133,1,670,675,294.7839050292969,291.47283935546875,,,-3.311065673828125,-0.011232179292485656,2021-08-30,2021-09-07,8 days,,0.31660402960919554,0.11965062433302578
134,1,671,676,293.1235656738281,291.501953125,,,-1.621612548828125,-0.00553218075489903,2021-08-31,2021-09-08,8 days,,0.2209449156698709,0.1658702785271556
135,1,712,717,314.9417724609375,326.6811218261719,,,11.739349365234375,0.037274665959690756,2021-10-28,2021-11-04,7 days,,0.28476815440431813,0.38283290453380975
136,1,713,718,322.00091552734375,326.3121337890625,,,4.31121826171875,0.013388838521338542,2021-10-29,2021-11-05,7 days,,0.29746988383390327,0.37624093653521057
137,1,714,719,319.816162109375,327.2151184082031,,,7.398956298828125,0.02313502935570133,2021-11-01,2021-11-08,7 days,,0.3251921633884678,0.4174111558926759
138,1,715,720,323.4670715332031,326.2053527832031,,,2.73828125,0.00846540959183506,2021-11-02,2021-11-09,7 days,,0.3438095348054995,0.4246521309128131
139,1,716,721,324.3118896484375,321.2046813964844,,,-3.107208251953125,-0.009580926111964039,2021-11-03,2021-11-10,7 days,,0.32329985033469877,0.3672278945145219
140,1,717,722,326.6811218261719,322.7873840332031,,,-3.89373779296875,-0.011919078063655664,2021-11-04,2021-11-11,7 days,,0.38283290453380975,0.3356446011672135
141,1,718,723,326.3121337890625,326.9529724121094,,,0.640838623046875,0.00196388229761979,2021-11-05,2021-11-12,7 days,,0.37624093653521057,0.32524617344661555
142,1,719,724,327.2151184082031,326.3218078613281,,,-0.893310546875,-0.0027300405654258064,2021-11-08,2021-11-15,7 days,,0.4174111558926759,0.2995412838246473
143,1,720,725,326.2053527832031,329.662109375,,,3.456756591796875,0.010596872682510083,2021-11-09,2021-11-16,7 days,,0.4246521309128131,0.3226572100707078
144,1,721,726,321.2046813964844,329.8858337402344,,,8.68115234375,0.02702685498233537,2021-11-10,2021-11-17,7 days,,0.3672278945145219,0.3120004905589236
145,1,722,727,322.7873840332031,331.9772033691406,,,9.1898193359375,0.028470193664670074,2021-11-11,2021-11-18,7 days,,0.3356446011672135,0.30326711162986164
146,1,723,728,326.9529724121094,333.76715087890625,,,6.814178466796875,0.020841463579685415,2021-11-12,2021-11-19,7 days,,0.32524617344661555,0.28996031753044693
147,1,724,729,326.3218078613281,330.576416015625,,,4.254608154296875,0.013038074844525571,2021-11-15,2021-11-22,7 days,,0.2995412838246473,0.21928978767769305
148,1,725,730,329.662109375,328.4849853515625,,,-1.1771240234375,-0.0035706985727573803,2021-11-16,2021-11-23,7 days,,0.3226572100707078,0.25366423948636657
149,1,726,731,329.8858337402344,328.7087097167969,,,-1.1771240234375,-0.003568276970524309,2021-11-17,2021-11-24,7 days,,0.3120004905589236,0.26393423465329674
150,1,727,732,331.9772033691406,320.7028503417969,,,-11.27435302734375,-0.033961226593041904,2021-11-18,2021-11-26,8 days,,0.30326711162986164,0.19108575894622107
151,1,728,733,333.76715087890625,327.4636535644531,,,-6.303497314453125,-0.018885912822319884,2021-11-19,2021-11-29,10 days,,0.28996031753044693,0.11889239525278265
152,1,729,734,330.576416015625,321.5880432128906,,,-8.988372802734375,-0.02719000015509132,2021-11-22,2021-11-30,8 days,,0.21928978767769305,0.04887288223695731
153,1,730,735,328.4849853515625,321.0919189453125,,,-7.39306640625,-0.022506558095303886,2021-11-23,2021-12-01,8 days,,0.25366423948636657,-0.05445192473739695
154,1,731,736,328.7087097167969,320.5179748535156,,,-8.19073486328125,-0.024917912489565874,2021-11-24,2021-12-02,8 days,,0.26393423465329674,-0.1033164740676898
155,1,757,762,325.6347961425781,305.71246337890625,,,-19.922332763671875,-0.06117998751874465,2022-01-03,2022-01-10,7 days,,0.22765890982180503,0.046781405690065565
156,-1,770,775,287.9691162109375,299.8660888671875,,,-11.89697265625,-0.04131336308833711,2022-01-21,2022-01-28,7 days,,-0.2949414053886632,-0.18358199610700024
157,-1,772,777,280.6344299316406,300.3525390625,,,-19.718109130859375,-0.07026261580114213,2022-01-25,2022-02-01,7 days,,-0.20422134388649324,-0.12888170007094268
158,-1,773,778,288.6306457519531,304.92449951171875,,,-16.293853759765625,-0.05645226520321911,2022-01-26,2022-02-02,7 days,,-0.23353150615467236,-0.09823630473760706
159,-1,774,779,291.67535400390625,293.0469665527344,,,-1.371612548828125,-0.004702531530345722,2022-01-27,2022-02-03,7 days,,-0.258878488037909,-0.09459644346807534
160,1,810,815,291.61566162109375,302.8646545410156,,,11.248992919921875,0.038574721458335404,2022-03-21,2022-03-28,7 days,,0.21585200635820712,0.23753788072750834
161,1,811,816,296.3920593261719,307.455810546875,,,11.063751220703125,0.03732809592084152,2022-03-22,2022-03-29,7 days,,0.2527181582990721,0.29329529544005106
162,1,812,817,291.9373474121094,305.94488525390625,,,14.007537841796875,0.04798131505258674,2022-03-23,2022-03-30,7 days,,0.2970233167789267,0.2634131672973985
163,1,813,818,296.4310607910156,300.534912109375,,,4.103851318359375,0.013844201438973247,2022-03-24,2022-03-31,7 days,,0.26517744440791857,0.23997106779098604
164,1,814,819,296.0215759277344,301.6169128417969,,,5.5953369140625,0.018901787467777265,2022-03-25,2022-04-01,7 days,,0.2387985687385323,0.2898160896878553
165,1,815,820,302.8646545410156,307.0269470214844,,,4.16229248046875,0.0137430777017431,2022-03-28,2022-04-04,7 days,,0.23753788072750834,0.4006822736328983
166,1,816,821,307.455810546875,303.0400695800781,,,-4.415740966796875,-0.014362197152633205,2022-03-29,2022-04-05,7 days,,0.29329529544005106,0.4074296174782122
167,1,817,822,305.94488525390625,291.9469909667969,,,-13.997894287109375,-0.045752993306269585,2022-03-30,2022-04-06,7 days,,0.2634131672973985,0.32942363663826574
168,1,818,823,300.534912109375,293.7698669433594,,,-6.765045166015625,-0.022510014289300218,2022-03-31,2022-04-07,7 days,,0.23997106779098604,0.31473785698955437
169,1,819,824,301.6169128417969,289.4808654785156,,,-12.13604736328125,-0.04023662747866796,2022-04-01,2022-04-08,7 days,,0.2898160896878553,0.3268427724188754
170,1,820,825,307.0269470214844,278.0661926269531,,,-28.96075439453125,-0.094326425336551,2022-04-04,2022-04-11,7 days,,0.4006822736328983,0.31555147039859505
171,1,821,826,303.0400695800781,274.94683837890625,,,-28.093231201171875,-0.09270467512794789,2022-04-05,2022-04-12,7 days,,0.4074296174782122,0.23257666470650373
172,1,822,827,291.9469909667969,280.3666076660156,,,-11.58038330078125,-0.03966604780694005,2022-04-06,2022-04-13,7 days,,0.32942363663826574,0.2037343845029957
173,1,823,828,293.7698669433594,272.7730407714844,,,-20.996826171875,-0.07147372325944956,2022-04-07,2022-04-14,7 days,,0.31473785698955437,0.11498250119181275
174,1,824,829,289.4808654785156,273.4456481933594,,,-16.03521728515625,-0.05539301279429931,2022-04-08,2022-04-18,10 days,,0.3268427724188754,0.054678481564932505
175,1,825,830,278.0661926269531,278.1051330566406,,,0.0389404296875,0.00014004014410962107,2022-04-11,2022-04-19,8 days,,0.31555147039859505,0.05446497813953305
176,1,826,831,274.94683837890625,279.13836669921875,,,4.1915283203125,0.015244868226257369,2022-04-12,2022-04-20,8 days,,0.23257666470650373,-0.0030880787745115224
177,1,827,832,280.3666076660156,273.72833251953125,,,-6.638275146484375,-0.02367712475371586,2022-04-13,2022-04-21,8 days,,0.2037343845029957,-0.03382848180442514
178,-1,836,841,276.0776062011719,282.6671447753906,,,-6.58953857421875,-0.023868428391895957,2022-04-27,2022-05-04,7 days,,-0.2643226427304286,-0.17661882452261066
179,-1,837,842,282.32598876953125,270.3556213378906,,,11.970367431640625,0.04239909858745694,2022-04-28,2022-05-05,7 days,,-0.22531472100845637,-0.180707322848839
180,-1,838,843,270.5213317871094,267.80169677734375,,,2.719635009765625,0.010053310738193044,2022-04-29,2022-05-06,7 days,,-0.2269864240440703,-0.2045375175638062
181,-1,839,844,277.29608154296875,257.9076232910156,,,19.388458251953125,0.06991969790582409,2022-05-02,2022-05-09,7 days,,-0.20422301520655214,-0.22250858501258408
182,-1,840,845,274.6739501953125,262.70355224609375,,,11.97039794921875,0.04358039027984617,2022-05-03,2022-05-10,7 days,,-0.24720865288159322,-0.17276374670533193
183,-1,843,848,267.80169677734375,254.534912109375,,,13.26678466796875,0.0495395840564784,2022-05-06,2022-05-13,7 days,,-0.2045375175638062,-0.14235201637612294
184,-1,844,849,257.9076232910156,254.90536499023438,,,3.00225830078125,0.011640828070419551,2022-05-09,2022-05-16,7 days,,-0.22250858501258408,-0.13568623669325325
185,-1,847,852,248.91046142578125,247.3308868408203,,,1.5795745849609375,0.006345954990854885,2022-05-12,2022-05-19,7 days,,-0.20169793823613924,-0.14155481286193405
186,1,888,893,246.9205322265625,256.2513732910156,,,9.330841064453125,0.037788842346620166,2022-07-13,2022-07-20,7 days,,0.25639931445358605,0.24481013799166562
187,1,889,894,248.2493133544922,258.7623596191406,,,10.513046264648438,0.04234874257088528,2022-07-14,2022-07-21,7 days,,0.27190675610979176,0.3000489748585676
188,1,890,895,250.82875061035156,254.38519287109375,,,3.5564422607421875,0.01417876639774418,2022-07-15,2022-07-22,7 days,,0.24469406974072747,0.23424740516967138
189,1,891,896,248.4154052734375,252.89028930664062,,,4.474884033203125,0.018013713876872783,2022-07-18,2022-07-25,7 days,,0.22793540218870437,0.17110206182262894
190,1,892,897,253.57424926757812,246.11935424804688,,,-7.45489501953125,-0.029399258958919927,2022-07-19,2022-07-26,7 days,,0.27147576218431496,0.1407304490439728
191,1,893,898,256.2513732910156,262.5728759765625,,,6.321502685546875,0.0246691465663591,2022-07-20,2022-07-27,7 days,,0.24481013799166562,0.2540986184888547
192,1,894,899,258.7623596191406,270.06689453125,,,11.304534912109375,0.04368693703654558,2022-07-21,2022-07-28,7 days,,0.3000489748585676,0.27550676284285325
193,1,895,900,254.38519287109375,274.29754638671875,,,19.912353515625,0.07827638586541208,2022-07-22,2022-07-29,7 days,,0.23424740516967138,0.29618634324824006
194,1,898,903,262.5728759765625,275.98785400390625,,,13.41497802734375,0.05109049431496193,2022-07-27,2022-08-03,7 days,,0.2540986184888547,0.2174690460822301
195,1,899,904,270.06689453125,277.1407470703125,,,7.0738525390625,0.026192964344409653,2022-07-28,2022-08-04,7 days,,0.27550676284285325,0.22342597673249437
196,1,900,905,274.29754638671875,276.4177551269531,,,2.120208740234375,0.007729594260552419,2022-07-29,2022-08-05,7 days,,0.29618634324824006,0.21652807697920995
197,1,901,906,271.6301574707031,273.88714599609375,,,2.256988525390625,0.008309049872836871,2022-08-01,2022-08-08,7 days,,0.24909679890987438,0.18939474393735603
198,1,902,907,268.5134582519531,275.8216857910156,,,7.3082275390625,0.02721736030156441,2022-08-02,2022-08-09,7 days,,0.2026552344093257,0.27990414589374535
199,1,903,908,275.98785400390625,282.5243225097656,,,6.536468505859375,0.02368389916813829,2022-08-03,2022-08-10,7 days,,0.2174690460822301,0.26882422817745316
200,1,904,909,277.1407470703125,280.4334716796875,,,3.292724609375,0.01188105554373653,2022-08-04,2022-08-11,7 days,,0.22342597673249437,0.20206465394109296
201,1,905,910,276.4177551269531,285.211181640625,,,8.793426513671875,0.03181209003608765,2022-08-05,2022-08-12,7 days,,0.21652807697920995,0.26863518880900406
202,1,907,912,275.8216857910156,285.99285888671875,,,10.171173095703125,0.036875900698430275,2022-08-09,2022-08-16,7 days,,0.27990414589374535,0.2921426016513683
203,1,908,913,282.5243225097656,285.23895263671875,,,2.714630126953125,0.009608482918702643,2022-08-10,2022-08-17,7 days,,0.26882422817745316,0.2871156001959825
204,1,909,914,280.4334716796875,284.1129150390625,,,3.679443359375,0.013120557033853952,2022-08-11,2022-08-18,7 days,,0.20206465394109296,0.23568761791957252
205,1,910,915,285.211181640625,280.17681884765625,,,-5.03436279296875,-0.017651351409189164,2022-08-12,2022-08-19,7 days,,0.26863518880900406,0.2339668482714813
206,1,911,916,286.7353820800781,271.9521789550781,,,-14.783203125,-0.05155695477048383,2022-08-15,2022-08-22,7 days,,0.32575950599967646,0.19647811144859173
207,1,912,917,285.99285888671875,270.6695556640625,,,-15.32330322265625,-0.05357932111418828,2022-08-16,2022-08-23,7 days,,0.2921426016513683,0.23760346219068712
208,1,913,918,285.23895263671875,270.0330810546875,,,-15.20587158203125,-0.05330923929382636,2022-08-17,2022-08-24,7 days,,0.2871156001959825,0.1560751807348393
209,1,914,919,284.1129150390625,273.0292053222656,,,-11.083709716796875,-0.03901163632520188,2022-08-18,2022-08-25,7 days,,0.23568761791957252,0.14182718321546195
210,1,915,920,280.17681884765625,262.4937744140625,,,-17.68304443359375,-0.0631138739683127,2022-08-19,2022-08-26,7 days,,0.2339668482714813,0.035610384941320496
211,1,917,922,270.6695556640625,257.4806823730469,,,-13.188873291015625,-0.04872684428308882,2022-08-23,2022-08-30,7 days,,0.23760346219068712,0.026217543733814186
212,-1,931,936,246.72988891601562,237.38900756835938,,,9.34088134765625,0.03785873445934951,2022-09-13,2022-09-20,7 days,,-0.20162778531517972,-0.029319594516768882
213,-1,932,937,246.955078125,233.9621124267578,,,12.992965698242188,0.05261266865573666,2022-09-14,2022-09-21,7 days,,-0.20553390253218667,-0.07182980871168781
214,-1,933,938,240.2578887939453,235.94972229003906,,,4.30816650390625,0.01793142579222906,2022-09-15,2022-09-22,7 days,,-0.24166824090239042,-0.05199404951147845
215,-1,967,972,215.50559997558594,219.82350158691406,,,-4.317901611328125,-0.02003614575128121,2022-11-02,2022-11-09,7 days,,-0.21074393612155784,-0.09502720645060109
216,-1,968,973,209.77769470214844,237.90797424316406,,,-28.130279541015625,-0.13409566532302786,2022-11-03,2022-11-10,7 days,,-0.23544126578459354,-0.0810978670987722
217,1,987,992,250.07630920410156,242.91835021972656,,,-7.157958984375,-0.02862309911385086,2022-12-01,2022-12-08,7 days,,0.20263583455235673,0.22650338111459561
218,1,988,993,250.40032958984375,240.97422790527344,,,-9.426101684570312,-0.03764412650738236,2022-12-02,2022-12-09,7 days,,0.29436950894558345,0.1361350993241602
219,1,989,994,245.6676483154297,247.935791015625,,,2.2681427001953125,0.00923256568680575,2022-12-05,2022-12-12,7 days,,0.22619920975698932,0.14897566204909854
220,1,992,997,242.91835021972656,244.4991912841797,,,1.580841064453125,0.006507705420455867,2022-12-08,2022-12-15,7 days,,0.22650338111459561,0.09962006047514231
221,1,1029,1034,259.8067932128906,258.84454345703125,,,-0.962249755859375,-0.003703712839682738,2023-02-02,2023-02-09,7 days,,0.2577903293605538,0.15074368425746604
222,1,1030,1035,253.66995239257812,258.3339538574219,,,4.66400146484375,0.018386101392197096,2023-02-03,2023-02-10,7 days,,0.28228715508007113,0.14471169488700505
223,1,1031,1036,252.11863708496094,266.4050598144531,,,14.286422729492188,0.05666547659734422,2023-02-06,2023-02-13,7 days,,0.24507517626975645,0.11953201314987039
224,1,1032,1037,262.71319580078125,267.23968505859375,,,4.5264892578125,0.017229775017639337,2023-02-07,2023-02-14,7 days,,0.3220490257250788,0.08999843996113403
225,1,1033,1038,261.898193359375,265.1036682128906,,,3.205474853515625,0.012239392767086077,2023-02-08,2023-02-15,7 days,,0.2459085520798501,0.14342826081902965
226,1,1073,1078,287.0348205566406,281.6603088378906,,,-5.37451171875,-0.018724249930121117,2023-04-06,2023-04-14,8 days,,0.23871739715418383,0.12469244149494174
227,1,1074,1079,284.8594665527344,284.2785949707031,,,-0.58087158203125,-0.0020391514070455807,2023-04-10,2023-04-17,7 days,,0.2980596019110332,0.1476603831342602
228,1,1075,1080,278.4021301269531,283.8553466796875,,,5.453216552734375,0.019587553264221347,2023-04-11,2023-04-18,7 days,,0.26502305502181,0.1685323905574426
229,1,1076,1081,279.0517883300781,283.9341125488281,,,4.88232421875,0.017496122307501194,2023-04-12,2023-04-19,7 days,,0.2056893938581202,0.16148522170217933
230,1,1082,1087,281.6307373046875,300.05767822265625,,,18.42694091796875,0.06542943818676017,2023-04-20,2023-04-27,7 days,,0.21039154873231272,0.13222582158370255
231,1,1083,1088,281.2862854003906,302.4496765136719,,,21.16339111328125,0.07523790604706049,2023-04-21,2023-04-28,7 days,,0.2588318594625258,0.1238743022661876
232,1,1084,1089,277.3587341308594,300.77630615234375,,,23.417572021484375,0.08443062770266274,2023-04-24,2023-05-01,7 days,,0.20230025716891528,0.058510801933026726
233,1,1108,1113,328.3947448730469,331.4035949707031,,,3.00885009765625,0.00916229673169533,2023-05-26,2023-06-05,10 days,,0.20547273129206103,0.1793181952542909
234,1,1111,1116,328.08892822265625,320.8677978515625,,,-7.22113037109375,-0.02200967405456966,2023-06-01,2023-06-08,7 days,,0.2143518806441352,0.09390889181630413
235,1,1112,1117,330.87078857421875,322.3771057128906,,,-8.493682861328125,-0.025670694285007456,2023-06-02,2023-06-09,7 days,,0.22319192204194618,0.056242864061389314
236,1,1233,1238,373.8788757324219,370.9864196777344,,,-2.8924560546875,-0.007736345224161778,2023-11-24,2023-12-01,7 days,,0.26019056375192084,0.21286917380905496
237,1,1234,1239,375.04779052734375,365.6669006347656,,,-9.380889892578125,-0.025012518749645052,2023-11-27,2023-12-04,7 days,,0.30503349610138947,0.23747528303079826
238,1,1235,1240,379.0993347167969,369.01507568359375,,,-10.084259033203125,-0.026600571696430153,2023-11-28,2023-12-05,7 days,,0.3214950228975512,0.2509570342284159
239,1,1236,1241,375.2855224609375,365.330078125,,,-9.9554443359375,-0.026527653586673416,2023-11-29,2023-12-06,7 days,,0.2619643834543734,0.2146066979946231
240,1,1237,1242,375.3450012207031,367.4598388671875,,,-7.885162353515625,-0.0210077723903912,2023-11-30,2023-12-07,7 days,,0.254395476885878,0.22091663020022176
241,1,1238,1243,370.9864196777344,370.708984375,,,-0.277435302734375,-0.0007478314245986661,2023-12-01,2023-12-08,7 days,,0.21286917380905496,0.2966802513911994
242,1,1239,1244,365.6669006347656,367.8065490722656,,,2.1396484375,0.005851359348592267,2023-12-04,2023-12-11,7 days,,0.23747528303079826,0.2955911260520492
243,1,1240,1245,369.01507568359375,370.8575439453125,,,1.84246826171875,0.00499293493173858,2023-12-05,2023-12-12,7 days,,0.2509570342284159,0.35217275976643325
244,1,1241,1246,365.330078125,370.8476867675781,,,5.517608642578125,0.015103077936797327,2023-12-06,2023-12-13,7 days,,0.2146066979946231,0.33913890057724727
245,1,1242,1247,367.4598388671875,362.4870910644531,,,-4.972747802734375,-0.013532765425643412,2023-12-07,2023-12-14,7 days,,0.22091663020022176,0.2882730093707202
246,1,1243,1248,370.708984375,367.241943359375,,,-3.467041015625,-0.009352460182399658,2023-12-08,2023-12-15,7 days,,0.2966802513911994,0.28056909946615616
247,1,1244,1249,367.8065490722656,369.14385986328125,,,1.337310791015625,0.003635908045652725,2023-12-11,2023-12-18,7 days,,0.2955911260520492,0.3351111213076152
248,1,1245,1250,370.8575439453125,369.7481384277344,,,-1.109405517578125,-0.0029914600247197276,2023-12-12,2023-12-19,7 days,,0.35217275976643325,0.33135766667569583
249,1,1246,1251,370.8476867675781,367.13299560546875,,,-3.714691162109375,-0.010016756999316256,2023-12-13,2023-12-20,7 days,,0.33913890057724727,0.2992191654448199
250,1,1247,1252,362.4870910644531,370.0254821777344,,,7.53839111328125,0.020796302265949862,2023-12-14,2023-12-21,7 days,,0.2882730093707202,0.31321676401400805
251,1,1248,1253,367.241943359375,371.0556640625,,,3.813720703125,0.010384763429358568,2023-12-15,2023-12-22,7 days,,0.28056909946615616,0.31380066548855456
252,1,1249,1254,369.14385986328125,371.1349792480469,,,1.991119384765625,0.005393884610468858,2023-12-18,2023-12-26,8 days,,0.3351111213076152,0.308311645548601
253,1,1250,1255,369.7481384277344,370.5505065917969,,,0.8023681640625,0.0021700397667299143,2023-12-19,2023-12-27,8 days,,0.33135766667569583,0.2820231417993751
254,1,1251,1256,367.13299560546875,371.74908447265625,,,4.6160888671875,0.012573342419345268,2023-12-20,2023-12-28,8 days,,0.2992191654448199,0.32100741849021114
255,1,1252,1257,370.0254821777344,372.50201416015625,,,2.476531982421875,0.0066928687393272845,2023-12-21,2023-12-29,8 days,,0.31321676401400805,0.3136852106613922
256,1,1253,1258,371.0556640625,367.3805847167969,,,-3.675079345703125,-0.009904388213527127,2023-12-22,2024-01-02,11 days,,0.31380066548855456,0.31763476303879656
257,1,1254,1259,371.1349792480469,367.1131591796875,,,-4.021820068359375,-0.010836542749238953,2023-12-26,2024-01-03,8 days,,0.308311645548601,0.26162359285482245
258,1,1255,1260,370.5505065917969,364.47821044921875,,,-6.072296142578125,-0.016387229364302147,2023-12-27,2024-01-04,8 days,,0.2820231417993751,0.1930293413980934
259,1,1256,1261,371.74908447265625,364.2899475097656,,,-7.459136962890625,-0.020064977358240865,2023-12-28,2024-01-05,8 days,,0.32100741849021114,0.2017095349004614
260,1,1257,1262,372.50201416015625,371.1646728515625,,,-1.33734130859375,-0.003590158597152615,2023-12-29,2024-01-08,10 days,,0.3136852106613922,0.20311437849224884
261,1,1258,1263,367.3805847167969,372.25433349609375,,,4.873748779296875,0.013266212157220902,2024-01-02,2024-01-09,7 days,,0.31763476303879656,0.2037054037560135
262,1,1259,1264,367.1131591796875,379.1686096191406,,,12.055450439453125,0.03283851351553557,2024-01-03,2024-01-10,7 days,,0.26162359285482245,0.18809870280444466
263,1,1261,1266,364.2899475097656,384.8150329589844,,,20.52508544921875,0.05634271708435912,2024-01-05,2024-01-12,7 days,,0.2017095349004614,0.16766702198812505
264,1,1262,1267,371.1646728515625,386.59808349609375,,,15.43341064453125,0.041581033361716147,2024-01-08,2024-01-16,8 days,,0.20311437849224884,0.22003000548592866
265,1,1263,1268,372.25433349609375,385.8056335449219,,,13.551300048828125,0.036403337260196844,2024-01-09,2024-01-17,8 days,,0.2037054037560135,0.20487095885983522
266,1,1267,1272,386.59808349609375,395.1468811035156,,,8.548797607421875,0.02211288149727264,2024-01-16,2024-01-23,7 days,,0.22003000548592866,0.28882782250715505
267,1,1268,1273,385.8056335449219,398.7724304199219,,,12.966796875,0.03360966182856484,2024-01-17,2024-01-24,7 days,,0.20487095885983522,0.2536248897713945
268,1,1269,1274,390.16424560546875,401.0606994628906,,,10.896453857421875,0.027927863662936092,2024-01-18,2024-01-25,7 days,,0.2127552185883066,0.2601352226915695
269,1,1270,1275,394.9190368652344,400.12957763671875,,,5.210540771484375,0.0131939468222253,2024-01-19,2024-01-26,7 days,,0.22851338130137602,0.24682220170592073
270,1,1271,1276,392.7793884277344,405.8651123046875,,,13.085723876953125,0.03331570918050031,2024-01-22,2024-01-29,7 days,,0.2762880802587156,0.29000761778544787
271,1,1272,1277,395.1468811035156,404.7456970214844,,,9.59881591796875,0.02429176687707213,2024-01-23,2024-01-30,7 days,,0.28882782250715505,0.24136667722197758
272,1,1273,1278,398.7724304199219,393.83929443359375,,,-4.933135986328125,-0.012370805025646692,2024-01-24,2024-01-31,7 days,,0.2536248897713945,0.14437569513993267
273,1,1274,1279,401.0606994628906,399.9809875488281,,,-1.0797119140625,-0.002692140904128615,2024-01-25,2024-02-01,7 days,,0.2601352226915695,0.12597063089746052
274,1,1275,1280,400.12957763671875,407.3509826660156,,,7.221405029296875,0.0180476661384259,2024-01-26,2024-02-02,7 days,,0.24682220170592073,0.19142030950205471
275,1,1276,1281,405.8651123046875,401.8333740234375,,,-4.03173828125,-0.009933690181833876,2024-01-29,2024-02-05,7 days,,0.29000761778544787,0.1858723809055103
276,1,1277,1282,404.7456970214844,401.6748962402344,,,-3.07080078125,-0.007586988086218049,2024-01-30,2024-02-06,7 days,,0.24136667722197758,0.1509554723472783
277,1,1299,1304,412.3518371582031,403.14215087890625,,,-9.209686279296875,-0.022334534369404246,2024-03-01,2024-03-08,7 days,,0.22682540136384402,0.14910611745433205
278,1,1306,1311,412.13348388671875,418.2170715332031,,,6.083587646484375,0.0147612069495342,2024-03-12,2024-03-19,7 days,,0.21413015576064864,0.24236369038048203
279,1,1307,1312,411.9548645019531,422.0081481933594,,,10.05328369140625,0.024403847502955323,2024-03-13,2024-03-20,7 days,,0.2318510208969637,0.2315328112445792
280,1,1308,1313,421.9981994628906,426.11676025390625,,,4.118560791015625,0.00975966436884712,2024-03-14,2024-03-21,7 days,,0.22037814789863797,0.21680244863277404
281,1,1310,1315,414.1580505371094,419.65606689453125,,,5.498016357421875,0.01327516475966517,2024-03-18,2024-03-25,7 days,,0.22485579742144637,0.2656077915005319
282,1,1311,1316,418.2170715332031,418.4552001953125,,,0.238128662109375,0.000569390104608658,2024-03-19,2024-03-26,7 days,,0.24236369038048203,0.20941796872883092
283,1,1312,1317,422.0081481933594,418.2369079589844,,,-3.771240234375,-0.008936415684199228,2024-03-20,2024-03-27,7 days,,0.2315328112445792,0.19728239175144094
284,1,1313,1318,426.11676025390625,417.53228759765625,,,-8.58447265625,-0.02014582259363573,2024-03-21,2024-03-28,7 days,,0.21680244863277404,0.1455429589921378
285,1,1314,1319,425.49151611328125,421.3531188964844,,,-4.138397216796875,-0.009726156832925104,2024-03-22,2024-04-01,10 days,,0.2558043451425163,0.10379832444756967
286,1,1315,1320,419.65606689453125,418.2468566894531,,,-1.409210205078125,-0.003358012230125329,2024-03-25,2024-04-02,8 days,,0.2656077915005319,0.12700524233927526
287,1,1316,1321,418.4552001953125,417.2643737792969,,,-1.190826416015625,-0.002845767994900772,2024-03-26,2024-04-03,8 days,,0.20941796872883092,0.16209263933072762
288,-1,1333,1338,396.095947265625,403.2414245605469,,,-7.145477294921875,-0.018039763709397638,2024-04-19,2024-04-26,7 days,,-0.22307864460898277,-0.0938691644171263
289,-1,1334,1339,397.9219970703125,399.2022399902344,,,-1.280242919921875,-0.0032173213075619156,2024-04-22,2024-04-29,7 days,,-0.21522376207807165,-0.09305049979231458
290,1,1360,1365,426.6865234375,421.5563659667969,,,-5.130157470703125,-0.012023247018380645,2024-05-29,2024-06-05,7 days,,0.22170492365106226,0.2916611220649499
291,1,1362,1367,412.7277526855469,421.3973083496094,,,8.6695556640625,0.021005506917456396,2024-05-31,2024-06-07,7 days,,0.22775509087668022,0.25570654123328934
292,1,1363,1368,411.1270446777344,425.39404296875,,,14.266998291015625,0.034702164393487944,2024-06-03,2024-06-10,7 days,,0.20013925220469056,0.2660869740454681
293,1,1365,1370,421.5563659667969,438.5076904296875,,,16.951324462890625,0.040211288054005534,2024-06-05,2024-06-12,7 days,,0.2916611220649499,0.3127566262979964
294,1,1366,1371,422.0633850097656,439.0246887207031,,,16.9613037109375,0.04018662673272422,2024-06-06,2024-06-13,7 days,,0.30363610963622445,0.2756254736301418
295,1,1367,1372,421.3973083496094,440.00897216796875,,,18.611663818359375,0.044166546509875504,2024-06-07,2024-06-14,7 days,,0.25570654123328934,0.34499281463321857
296,1,1368,1373,425.39404296875,445.775390625,,,20.38134765625,0.04791169033306675,2024-06-10,2024-06-17,7 days,,0.2660869740454681,0.3722706546379237
297,1,1369,1374,430.1761779785156,443.75714111328125,,,13.580963134765625,0.03157070016890584,2024-06-11,2024-06-18,7 days,,0.31436885237204143,0.3255363309146847
298,1,1370,1375,438.5076904296875,443.1208801269531,,,4.613189697265625,0.010520202491192787,2024-06-12,2024-06-20,8 days,,0.3127566262979964,0.3618021956008302
299,1,1371,1376,439.0246887207031,447.17724609375,,,8.152557373046875,0.018569701391516258,2024-06-13,2024-06-21,8 days,,0.2756254736301418,0.38728802956011366
300,1,1372,1377,440.00897216796875,445.0794677734375,,,5.07049560546875,0.011523618667332869,2024-06-14,2024-06-24,10 days,,0.34499281463321857,0.39112020045086054
301,1,1373,1378,445.775390625,448.3404541015625,,,2.5650634765625,0.005754161244671208,2024-06-17,2024-06-25,8 days,,0.3722706546379237,0.3983442124229815
302,1,1374,1379,443.75714111328125,449.54345703125,,,5.78631591796875,0.013039375329154668,2024-06-18,2024-06-26,8 days,,0.3255363309146847,0.3866140619646836
303,1,1375,1380,443.1208801269531,450.2294921875,,,7.108612060546875,0.01604215097810391,2024-06-20,2024-06-27,7 days,,0.3618021956008302,0.35506644616190663
304,1,1376,1381,447.17724609375,444.3636169433594,,,-2.813629150390625,-0.0062919774540602935,2024-06-21,2024-06-28,7 days,,0.38728802956011366,0.35780623438957926
305,1,1377,1382,445.0794677734375,454.0870361328125,,,9.007568359375,0.02023811254299468,2024-06-24,2024-07-01,7 days,,0.39112020045086054,0.3336268637008838
306,1,1378,1383,448.3404541015625,456.62225341796875,,,8.28179931640625,0.018472121443964484,2024-06-25,2024-07-02,7 days,,0.3983442124229815,0.3613300869421847
307,1,1379,1384,449.54345703125,458.1036376953125,,,8.5601806640625,0.019041942508947418,2024-06-26,2024-07-03,7 days,,0.3866140619646836,0.3532889578039633
308,1,1380,1385,450.2294921875,464.8543395996094,,,14.624847412109375,0.03248309510123959,2024-06-27,2024-07-05,8 days,,0.35506644616190663,0.34466428106254793
309,1,1381,1386,444.3636169433594,463.5419921875,,,19.178375244140625,0.04315919331124074,2024-06-28,2024-07-08,10 days,,0.35780623438957926,0.32186418643032594
310,1,1382,1387,454.0870361328125,456.8807678222656,,,2.793731689453125,0.00615241455304627,2024-07-01,2024-07-09,8 days,,0.3336268637008838,0.3045201115788515
311,1,1383,1388,456.62225341796875,463.55194091796875,,,6.9296875,0.015175974118933011,2024-07-02,2024-07-10,8 days,,0.3613300869421847,0.3138036990580822
312,1,1384,1389,458.1036376953125,452.06878662109375,,,-6.03485107421875,-0.013173549777032223,2024-07-03,2024-07-11,8 days,,0.3532889578039633,0.2350082150968535
313,1,1385,1390,464.8543395996094,450.9254150390625,,,-13.928924560546875,-0.02996406266217544,2024-07-05,2024-07-12,7 days,,0.34466428106254793,0.20614677324532746
314,1,1386,1391,463.5419921875,451.3330383300781,,,-12.208953857421875,-0.026338398814326647,2024-07-08,2024-07-15,7 days,,0.32186418643032594,0.1972691030546672
315,1,1387,1392,456.8807678222656,446.9187316894531,,,-9.9620361328125,-0.021804454979133414,2024-07-09,2024-07-16,7 days,,0.3045201115788515,0.1524785353745326
316,1,1388,1393,463.55194091796875,440.9534606933594,,,-22.598480224609375,-0.04875069701975088,2024-07-10,2024-07-17,7 days,,0.3138036990580822,0.1554474855061257
317,1,1389,1394,452.06878662109375,437.82171630859375,,,-14.2470703125,-0.03151527098118656,2024-07-11,2024-07-18,7 days,,0.2350082150968535,0.18416027898159976
318,1,1390,1395,450.9254150390625,434.5805358886719,,,-16.344879150390625,-0.03624741166779144,2024-07-12,2024-07-19,7 days,,0.20614677324532746,0.15332616993030673
319,-1,1453,1458,414.1788330078125,415.0552978515625,,,-0.87646484375,-0.002116150739488676,2024-10-10,2024-10-17,7 days,,-0.21501014065979718,-0.16586282535611693
320,-1,1454,1459,414.6568908691406,416.48956298828125,,,-1.832672119140625,-0.004419731492461665,2024-10-11,2024-10-18,7 days,,-0.21992349238540793,-0.08052070348791492
321,-1,1455,1460,417.4656677246094,417.1070861816406,,,0.35858154296875,0.0008589485811448805,2024-10-14,2024-10-21,7 days,,-0.24709496693092692,-0.04142116246529943
322,-1,1456,1461,417.0672302246094,425.8022155761719,,,-8.7349853515625,-0.020943830439179578,2024-10-15,2024-10-22,7 days,,-0.22880949108331533,0.00637313516517012
323,1,1488,1493,422.61260986328125,442.682373046875,,,20.06976318359375,0.047489740521671875,2024-11-29,2024-12-06,7 days,,0.21226066770799373,0.22600451665539287
324,1,1489,1494,430.1175842285156,445.12744140625,,,15.009857177734375,0.03489710192773665,2024-12-02,2024-12-09,7 days,,0.2599971995796002,0.2685663123589082
325,1,1490,1495,430.3371276855469,442.4428405761719,,,12.105712890625,0.02813076565280892,2024-12-03,2024-12-10,7 days,,0.27157392203330305,0.27876558166861976
326,1,1491,1496,436.544677734375,448.0915222167969,,,11.546844482421875,0.026450544632336204,2024-12-04,2024-12-11,7 days,,0.28788261415703165,0.27674887666231895
327,1,1492,1497,441.7342529296875,448.6603698730469,,,6.926116943359375,0.015679374867182405,2024-12-05,2024-12-12,7 days,,0.25943697808471167,0.22262839342489166
328,1,1493,1498,442.682373046875,446.37493896484375,,,3.69256591796875,0.008341343913365495,2024-12-06,2024-12-13,7 days,,0.22600451665539287,0.1589172621834205
329,1,1494,1499,445.12744140625,450.6863098144531,,,5.558868408203125,0.012488262666173755,2024-12-09,2024-12-16,7 days,,0.2685663123589082,0.25456760963136693
330,1,1495,1500,442.4428405761719,453.5505676269531,,,11.10772705078125,0.025105450991852907,2024-12-10,2024-12-17,7 days,,0.27876558166861976,0.2848191880663107
331,1,1496,1501,448.0915222167969,436.5147399902344,,,-11.5767822265625,-0.025835753752469715,2024-12-11,2024-12-18,7 days,,0.27674887666231895,0.18494031195787455
332,1,1497,1502,448.6603698730469,436.15545654296875,,,-12.504913330078125,-0.0278716690168479,2024-12-12,2024-12-19,7 days,,0.22262839342489166,0.11997309289797028
333,1,1499,1504,450.6863098144531,434.3790283203125,,,-16.307281494140625,-0.03618321910167255,2024-12-16,2024-12-23,7 days,,0.25456760963136693,0.09178367238015223
334,1,1500,1505,453.5505676269531,438.4508361816406,,,-15.0997314453125,-0.03329227769312837,2024-12-17,2024-12-24,7 days,,0.2848191880663107,0.09402799064510439
